<window>
	<id>3003</id>
	<defaultcontrol>999</defaultcontrol>
	<backgroundcolor>0</backgroundcolor>
	<type>window</type>
	<coordinates>
		<system>1</system>
		<posx>0</posx>
		<posy>0</posy>
	</coordinates>
	<controls>
<!-- ############ Begin Background ############ -->
		<include>CommonBackground</include>
		<control type="image">
			<left>0</left>
			<top>100r</top>
			<width>1280</width>
			<height>100</height>
			<texture>floor.png</texture>
			<animation effect="slide" start="0,10" end="0,0" time="200" condition="Window.Previous(Home)">WindowOpen</animation>
			<animation effect="slide" start="0,0" end="0,10" time="200" condition="Window.Next(Home)">WindowClose</animation>
		</control>
		<control type="group">
			<include>VisibleFadeEffect</include>
			<control type="image">
				<left>50</left>
				<top>60</top>
				<width>1180</width>
				<height>600</height>
				<texture border="15">ContentPanel.png</texture>
			</control>
			<control type="image">
				<left>50</left>
				<top>652</top>
				<width>1180</width>
				<height>64</height>
				<texture border="15">ContentPanelMirror.png</texture>
			</control>
		</control>
		<include>BehindDialogFadeOut</include>
		<include>ScrollOffsetLabel</include>
		<control type="image">
			<description>Section header image</description>
			<left>20</left>
			<top>3</top>
			<width>35</width>
			<height>35</height>
			<aspectratio>keep</aspectratio>
			<texture>icon_video.png</texture>
		</control>
		<control type="grouplist">
			<left>65</left>
			<top>5</top>
			<width>1000</width>
			<height>30</height>
			<orientation>horizontal</orientation>
			<align>left</align>
			<itemgap>5</itemgap>
			<control type="label">
				<include>WindowTitleCommons</include>
				<label>$ADDON[script.xbmc.x-newa 30000] [COLOR=blue] - [/COLOR] $ADDON[script.xbmc.x-newa 30001]</label>
			</control>
		</control>
		<include>Clock</include>
<!-- ############ End Background ############ -->
<!-- ############ Begin Content ############ -->
		<control type="group">
			<description>Content Group</description>
<!-- ############ Begin Pending Recordings Table ############ -->
			<control type="group">
				<posx>350</posx>
				<posy>80</posy>
<!-- ############ Begin Pending Recordings Heading ############ -->
				<control type="label">
					<description>Upcoming Recordings</description>
					<width>850</width>
					<height>35</height>
					<font>font24_title</font>
					<align>left</align>
					<valign>bottom</valign>
					<label>$ADDON[script.xbmc.x-newa 30003] $ADDON[script.xbmc.x-newa 30002]</label>
				</control>
				<control type="group">
					<aligny>center</aligny>
					<posy>40</posy>
					<control type="group">
						<description>top and bottom separator</description>
						<posx>-30</posx>
						<control type="image">
							<posy>0</posy>
							<width>920</width>
							<height>1</height>
							<colordiffuse>88FFFFFF</colordiffuse>
							<texture>separator2.png</texture>
						</control>
						<control type="image">
							<posy>30</posy>
							<width>920</width>
							<height>1</height>
							<colordiffuse>88FFFFFF</colordiffuse>
							<texture>separator2.png</texture>
						</control>
					</control>
					<control type="label">
						<description>Title</description>
						<width>320</width>
						<height>35</height>
						<font>font13</font>
						<align>left</align>
						<label>$ADDON[script.xbmc.x-newa 30011]</label>
					</control>
					<control type="label">
						<description>Date/Time</description>
						<posx>325</posx>
						<width>320</width>
						<height>35</height>
						<font>font13</font>
						<align>left</align>
						<label>$ADDON[script.xbmc.x-newa 30009]/$ADDON[script.xbmc.x-newa 30010]</label>
					</control>
					<control type="label">
						<description>Channel</description>
						<posx>650</posx>
						<width>200</width>
						<height>35</height>
						<font>font13</font>
						<align>left</align>
						<label>$ADDON[script.xbmc.x-newa 30012]</label>
					</control>
				</control>
<!-- ############ End Pending Recordings Heading ############ -->
<!-- ############ Begin Pending Recordings Content ############ -->
				<control type="list" id="248">
					<posx>0</posx>
					<posy>75</posy>
					<width>850</width>
					<height>210</height>
					<onleft>2000</onleft>
					<onright>249</onright>
					<onup>-</onup>
					<ondown>249</ondown>
					<viewtype label="Recent Recordings">wide</viewtype>
					<pagecontrol>59</pagecontrol>
					<scrolltime>0</scrolltime>
					<preloaditems>10</preloaditems>
					<itemlayout height="30">
						<control type="image">
							<left>0</left>
							<top>0</top>
							<width>850</width>
							<height>30</height>
							<texture border="0,2,0,2">MenuItemNF.png</texture>
						</control>
						<control type="label">
							<posx>0</posx>
							<posy>0</posy>
							<width>320</width>
							<height>30</height>
							<font>font12</font>
							<align>left</align>
							<aligny>center</aligny>
							<label>$INFO[ListItem.Property(title)]</label>
							<scroll>true</scroll>
							<scrollspeed>30</scrollspeed>
						</control>
						<control type="label">
							<posx>325</posx>
							<posy>0</posy>
							<width>320</width>
							<height>30</height>
							<font>font12</font>
							<align>left</align>
							<aligny>center</aligny>
							<label>$INFO[ListItem.Property(date)] $INFO[ListItem.Property(start)] - $INFO[ListItem.Property(end)]</label>
							<scroll>true</scroll>
							<scrollspeed>30</scrollspeed>
						</control>
						<control type="label">
							<posx>650</posx>
							<posy>0</posy>
							<width>180</width>
							<height>30</height>
							<font>font12</font>
							<align>left</align>
							<aligny>center</aligny>
							<label>$INFO[ListItem.Property(channel)]</label>
							<scroll>true</scroll>
							<scrollspeed>30</scrollspeed>
						</control>
					</itemlayout>
					<focusedlayout height="30">
						<control type="image">
							<left>0</left>
							<top>0</top>
							<width>830</width>
							<height>30</height>
							<texture border="0,2,0,2">MenuItemNF.png</texture>
							<visible>!Control.HasFocus(248)</visible>
							<include>VisibleFadeEffect</include>
						</control>
						<control type="image">
							<left>0</left>
							<top>0</top>
							<width>830</width>
							<height>30</height>
							<texture border="0,2,0,2">MenuItemFO.png</texture>
							<visible>Control.HasFocus(248)</visible>
							<include>VisibleFadeEffect</include>
						</control>
						<control type="image">
							<left>650</left>
							<top>0</top>
							<width>190</width>
							<height>30</height>
							<texture border="0,0,14,0">MediaItemDetailBG.png</texture>
							<visible>Control.HasFocus(248)</visible>
						</control>
						<control type="label">
							<posx>0</posx>
							<posy>0</posy>
							<width>320</width>
							<height>30</height>
							<font>font12</font>
							<align>left</align>
							<aligny>center</aligny>
							<label>$INFO[ListItem.Property(title)]</label>
							<scroll>true</scroll>
							<scrollspeed>30</scrollspeed>
						</control>
						<control type="label">
							<posx>325</posx>
							<posy>0</posy>
							<width>320</width>
							<height>30</height>
							<font>font12</font>
							<align>left</align>
							<aligny>center</aligny>
							<label>$INFO[ListItem.Property(date)] $INFO[ListItem.Property(start)] - $INFO[ListItem.Property(end)]</label>
							<scroll>true</scroll>
							<scrollspeed>30</scrollspeed>
						</control>
						<control type="label">
							<posx>650</posx>
							<posy>0</posy>
							<width>180</width>
							<height>30</height>
							<font>font12</font>
							<align>left</align>
							<aligny>center</aligny>
							<label>$INFO[ListItem.Property(channel)]</label>
							<scroll>true</scroll>
							<scrollspeed>30</scrollspeed>
						</control>
					</focusedlayout>
				</control>
				<control type="scrollbar" id="59">
					<posx>840</posx>
					<posy>70</posy>
					<width>25</width>
					<height>220</height>
					<texturesliderbackground border="10,14,10,14">ScrollBarV.png</texturesliderbackground>
					<texturesliderbar border="10,14,10,14">ScrollBarV_bar.png</texturesliderbar>
					<texturesliderbarfocus border="10,14,10,14">ScrollBarV_bar_focus.png</texturesliderbarfocus>
					<textureslidernib>ScrollBarNib.png</textureslidernib>
					<textureslidernibfocus>ScrollBarNib.png</textureslidernibfocus>
					<onleft>249</onleft>
					<onright>2000</onright>
					<showonepage>false</showonepage>
					<orientation>vertical</orientation>
					<visible>Control.IsVisible(249)</visible>
				</control>
<!-- ############ End Pending Recordings Content ############ -->
			</control>
<!-- ############ End Pending Recordings Table ############ -->
<!-- ############ Begin What's New Table ############ -->
			<control type="group">
				<posx>350</posx>
				<posy>370</posy>
<!-- ############ Begin What's New Heading ############ -->
				<control type="label">
					<description>What's New</description>
					<width>850</width>
					<height>35</height>
					<font>font24_title</font>
					<align>left</align>
					<valign>bottom</valign>
					<label>$ADDON[script.xbmc.x-newa 30014]</label>
				</control>
				<control type="group">
					<aligny>center</aligny>
					<posy>40</posy>
					<control type="group">
						<description>top and bottom separator</description>
						<posx>-30</posx>
						<control type="image">
							<posy>0</posy>
							<width>920</width>
							<height>1</height>
							<colordiffuse>88FFFFFF</colordiffuse>
							<texture>separator2.png</texture>
						</control>
						<control type="image">
							<posy>30</posy>
							<width>920</width>
							<height>1</height>
							<colordiffuse>88FFFFFF</colordiffuse>
							<texture>separator2.png</texture>
						</control>
					</control>
					<control type="label">
						<description>Title</description>
						<width>320</width>
						<height>35</height>
						<font>font13</font>
						<align>left</align>
						<label>$ADDON[script.xbmc.x-newa 30011]</label>
					</control>
					<control type="label">
						<description>Date/Time</description>
						<posx>325</posx>
						<width>320</width>
						<height>35</height>
						<font>font13</font>
						<align>left</align>
						<label>$ADDON[script.xbmc.x-newa 30009]/$ADDON[script.xbmc.x-newa 30010]</label>
					</control>
					<control type="label">
						<description>Status</description>
						<posx>650</posx>
						<width>200</width>
						<height>35</height>
						<font>font13</font>
						<align>left</align>
						<label>$ADDON[script.xbmc.x-newa 30013]</label>
					</control>
				</control>
<!-- ############ End What's New Heading ############ -->
<!-- ############ Begin What's New Content ############ -->
				<control type="list" id="249">
					<posx>0</posx>
					<posy>75</posy>
					<width>850</width>
					<height>180</height>
					<onleft>2000</onleft>
					<onright>248</onright>
					<onup>248</onup>
					<ondown>-</ondown>
					<viewtype label="Recent Recordings">wide</viewtype>
					<pagecontrol>60</pagecontrol>
					<scrolltime>0</scrolltime>
					<preloaditems>10</preloaditems>
					<itemlayout height="30">
						<control type="image">
							<left>0</left>
							<top>0</top>
							<width>850</width>
							<height>30</height>
							<texture border="0,2,0,2">MenuItemNF.png</texture>
						</control>
						<control type="label">
							<posx>0</posx>
							<posy>0</posy>
							<width>320</width>
							<height>30</height>
							<font>font12</font>
							<align>left</align>
							<aligny>center</aligny>
							<label>$INFO[ListItem.Property(title)]</label>
							<scroll>true</scroll>
							<scrollspeed>30</scrollspeed>
						</control>
						<control type="label">
							<posx>325</posx>
							<posy>0</posy>
							<width>320</width>
							<height>30</height>
							<font>font12</font>
							<align>left</align>
							<aligny>center</aligny>
							<label>$INFO[ListItem.Property(date)] $INFO[ListItem.Property(start)] - $INFO[ListItem.Property(end)]</label>
							<scroll>true</scroll>
							<scrollspeed>30</scrollspeed>
						</control>
						<control type="label">
							<posx>650</posx>
							<posy>0</posy>
							<width>180</width>
							<height>30</height>
							<font>font12</font>
							<align>left</align>
							<aligny>center</aligny>
							<label>$INFO[ListItem.Property(status)]</label>
							<scroll>true</scroll>
							<scrollspeed>30</scrollspeed>
						</control>
					</itemlayout>
					<focusedlayout height="30">
						<control type="image">
							<left>0</left>
							<top>0</top>
							<width>830</width>
							<height>30</height>
							<texture border="0,2,0,2">MenuItemNF.png</texture>
							<visible>!Control.HasFocus(249)</visible>
							<include>VisibleFadeEffect</include>
						</control>
						<control type="image">
							<left>0</left>
							<top>0</top>
							<width>830</width>
							<height>30</height>
							<texture border="0,2,0,2">MenuItemFO.png</texture>
							<visible>Control.HasFocus(249)</visible>
							<include>VisibleFadeEffect</include>
						</control>
						<control type="image">
							<left>650</left>
							<top>0</top>
							<width>190</width>
							<height>30</height>
							<texture border="0,0,14,0">MediaItemDetailBG.png</texture>
							<visible>Control.HasFocus(249)</visible>
						</control>
						<control type="label">
							<posx>0</posx>
							<posy>0</posy>
							<width>320</width>
							<height>30</height>
							<font>font12</font>
							<align>left</align>
							<aligny>center</aligny>
							<label>$INFO[ListItem.Property(title)]</label>
							<scroll>true</scroll>
							<scrollspeed>30</scrollspeed>
						</control>
						<control type="label">
							<posx>325</posx>
							<posy>0</posy>
							<width>320</width>
							<height>30</height>
							<font>font12</font>
							<align>left</align>
							<aligny>center</aligny>
							<label>$INFO[ListItem.Property(date)] $INFO[ListItem.Property(start)] - $INFO[ListItem.Property(end)]</label>
							<scroll>true</scroll>
							<scrollspeed>30</scrollspeed>
						</control>
						<control type="label">
							<posx>650</posx>
							<posy>0</posy>
							<width>180</width>
							<height>30</height>
							<font>font12</font>
							<align>left</align>
							<aligny>center</aligny>
							<label>$INFO[ListItem.Property(status)]</label>
							<scroll>true</scroll>
							<scrollspeed>30</scrollspeed>
						</control>
					</focusedlayout>
				</control>
				<control type="scrollbar" id="60">
					<posx>840</posx>
					<posy>70</posy>
					<width>25</width>
					<height>190</height>
					<texturesliderbackground border="10,14,10,14">ScrollBarV.png</texturesliderbackground>
					<texturesliderbar border="10,14,10,14">ScrollBarV_bar.png</texturesliderbar>
					<texturesliderbarfocus border="10,14,10,14">ScrollBarV_bar_focus.png</texturesliderbarfocus>
					<textureslidernib>ScrollBarNib.png</textureslidernib>
					<textureslidernibfocus>ScrollBarNib.png</textureslidernibfocus>
					<onleft>249</onleft>
					<onright>2000</onright>
					<showonepage>false</showonepage>
					<orientation>vertical</orientation>
					<visible>Control.IsVisible(249)</visible>
				</control>
<!-- ############ End What's New Content ############ -->
			</control>
<!-- ############ End What's New Table ############ -->
<!-- ############ Begin Free Space ############ -->
		<control type="group">
			<posx>70</posx>
			<posy>300</posy>
			<control type="label">
				<description>Free Space</description>
				<posx>0</posx>
				<posy>0</posy>
				<width>300</width>
				<height>35</height>
				<font>font24_title</font>
				<align>left</align>
				<aligny>bottom</aligny>
				<label>$ADDON[script.xbmc.x-newa 30015]</label>
			</control>
			<control type="group">
				<description>Confluence style free space indicator</description>
				<control type="progress" id="237">
					<description>Free Space Bar</description>
					<posx>0</posx>
					<posy>40</posy>
					<width>250</width>
					<height>25</height>
					<info>-</info>
				</control>
				<control type="group">
					<posy>62</posy>
					<aligny>top</aligny>
					<control type="label">
						<description>Space Used</description>
						<posx>0</posx>
						<width>120</width>
						<height>35</height>
						<font>font12</font>
						<align>left</align>
						<label>$INFO[Control.GetLabel(244)] $ADDON[script.xbmc.x-newa 30046]</label>
					</control>
					<control type="label">
						<description>Space Free</description>
						<posx>250</posx>
						<width>120</width>
						<height>35</height>
						<font>font12</font>
						<align>right</align>
						<label>$INFO[Control.GetLabel(245)] $ADDON[script.xbmc.x-newa 30047]</label>
					</control>
				</control>
			</control>
		</control>
<!-- ############ End Free Space ############ -->
<!-- ############ Begin Counters ############ -->
		<control type="group">
			<posx>70</posx>
			<posy>80</posy>
			<control type="label">
				<description>Counters</description>
				<width>150</width>
				<height>35</height>
				<font>font24_title</font>
				<align>left</align>
				<aligny>bottom</aligny>
				<label>$ADDON[script.xbmc.x-newa 30017]</label>
			</control>
			<control type="group">
				<posy>35</posy>
				<aligny>bottom</aligny>
				<control type="label">
					<description>Upcoming</description>
					<width>200</width>
					<height>35</height>
					<font>font13</font>
					<align>left</align>
					<label>$ADDON[script.xbmc.x-newa 30003]:</label>
				</control>
				<control type="label" id="243">
					<description>Upcoming Value</description>
					<posx>250</posx>
					<width>50</width>
					<height>35</height>
					<font>font13</font>
					<align>right</align>
					<label>-</label>
				</control>
			</control>
			<control type="group">
				<posy>65</posy>
				<aligny>bottom</aligny>
				<control type="label">
					<description>In Progress</description>
					<width>200</width>
					<height>35</height>
					<font>font13</font>
					<align>left</align>
					<label>$ADDON[script.xbmc.x-newa 30004]:</label>
				</control>
				<control type="label" id="242">
					<description>In Progress Value</description>
					<posx>250</posx>
					<width>50</width>
					<height>35</height>
					<font>font13</font>
					<align>right</align>
					<label>-</label>
				</control>
			</control>
			<control type="group">
				<posy>95</posy>
				<aligny>bottom</aligny>
				<control type="label">
					<description>Available</description>
					<width>200</width>
					<height>35</height>
					<font>font13</font>
					<align>left</align>
					<label>$ADDON[script.xbmc.x-newa 30005]:</label>
				</control>
				<control type="label" id="241">
					<description>Available Value</description>
					<posx>250</posx>
					<width>50</width>
					<height>35</height>
					<font>font13</font>
					<align>right</align>
					<label>-</label>
				</control>
			</control>
			<control type="group">
				<posy>125</posy>
				<aligny>bottom</aligny>
				<control type="label">
					<description>Failed</description>
					<width>200</width>
					<height>35</height>
					<font>font13</font>
					<align>left</align>
					<label>$ADDON[script.xbmc.x-newa 30006]:</label>
				</control>
				<control type="label" id="240">
					<description>Failed Value</description>
					<posx>250</posx>
					<width>50</width>
					<height>35</height>
					<font>font13</font>
					<align>right</align>
					<label>-</label>
				</control>
			</control>
			<control type="group">
				<posy>155</posy>
				<aligny>bottom</aligny>
				<control type="label">
					<description>Conflicts</description>
					<width>200</width>
					<height>35</height>
					<font>font13</font>
					<align>left</align>
					<label>$ADDON[script.xbmc.x-newa 30007]:</label>
				</control>
				<control type="label" id="238">
					<description>Conflicts Value</description>
					<posx>250</posx>
					<width>50</width>
					<height>35</height>
					<font>font13</font>
					<align>right</align>
					<label>-</label>
				</control>
			</control>
			<control type="group">
				<posy>185</posy>
				<aligny>bottom</aligny>
				<control type="label">
					<description>Recurring</description>
					<width>200</width>
					<height>35</height>
					<font>font13</font>
					<align>left</align>
					<label>$ADDON[script.xbmc.x-newa 30008]:</label>
				</control>
				<control type="label" id="239">
					<description>Recurring Value</description>
					<posx>250</posx>
					<width>50</width>
					<height>35</height>
					<font>font13</font>
					<align>right</align>
					<label>-</label>
				</control>
			</control>
		</control>
<!-- ############# End Counters ############ -->
	</control>
<!-- ############ End Content ############ -->
<!-- ############ Begin Page Count ############ -->
		<control type="group">
			<animation effect="slide" start="0,0" end="-90,0" time="0" condition="system.getbool(input.enablemouse)">Conditional</animation>
			<control type="label">
				<description>Page Count Label</description>
				<visible>Control.HasFocus(248)</visible>
				<right>40</right>
				<top>53r</top>
				<width>500</width>
				<height>20</height>
				<font>font12</font>
				<textcolor>grey</textcolor>
				<scroll>false</scroll>
				<align>right</align>
				<aligny>center</aligny>
				<label>$INFO[Container(248).NumItems,([COLOR=blue],[/COLOR]) $LOCALIZE[31025]]$INFO[Container(248).CurrentPage, - $LOCALIZE[31024] ([COLOR=blue]]$INFO[Container(248).NumPages,/,[/COLOR])]</label>
				<include>Window_OpenClose_Animation</include>
			</control>
		</control>
		<control type="group">
			<animation effect="slide" start="0,0" end="-90,0" time="0" condition="system.getbool(input.enablemouse)">Conditional</animation>
			<control type="label">
				<description>Page Count Label</description>
				<visible>Control.HasFocus(249)</visible>
				<right>40</right>
				<top>53r</top>
				<width>500</width>
				<height>20</height>
				<font>font12</font>
				<textcolor>grey</textcolor>
				<scroll>false</scroll>
				<align>right</align>
				<aligny>center</aligny>
				<label>$INFO[Container(249).NumItems,([COLOR=blue],[/COLOR]) $LOCALIZE[31025]]$INFO[Container(249).CurrentPage, - $LOCALIZE[31024] ([COLOR=blue]]$INFO[Container(249).NumPages,/,[/COLOR])]</label>
				<include>Window_OpenClose_Animation</include>
			</control>
		</control>
<!-- ############ End Page Count ############ -->
<!-- ############ Begin Navigation Buttons ############ -->
		<control type="group">
			<left>-250</left>
			<animation effect="slide" start="0,0" end="250,0" time="400" tween="quadratic" easing="out" condition="ControlGroup(2000).HasFocus | Control.HasFocus(2001) | Control.HasFocus(1999)">Conditional</animation>
			<animation effect="slide" start="0,0" end="-300,0" time="400" tween="quadratic" easing="out" condition="ControlGroup(2000).HasFocus | Control.HasFocus(2001)">WindowClose</animation>
			<animation effect="slide" start="0,0" end="-50,0" time="300" tween="quadratic" easing="out" condition="![ControlGroup(2000).HasFocus | Control.HasFocus(2001)]">WindowClose</animation>
			<animation effect="slide" start="-50,0" end="0,0" time="300" tween="quadratic" easing="out">WindowOpen</animation>
			<control type="button" id="1999">
				<description>Fake button for mouse control</description>
				<left>0</left>
				<top>0</top>
				<width>250</width>
				<height>720</height>
				<label>-</label>
				<font>-</font>
				<texturenofocus>-</texturenofocus>
				<texturefocus>-</texturefocus>
				<visible>true</visible>
			</control>
			<control type="button" id="2001">
				<left>250</left>
				<top>270</top>
				<width>42</width>
				<height>128</height>
				<font>-</font>
				<texturefocus>HasSub.png</texturefocus>
				<texturenofocus>HasSub.png</texturenofocus>
			</control>
			<control type="image">
				<left>0</left>
				<top>0</top>
				<width>260</width>
				<height>720</height>
				<texture border="0,0,10,0">MediaBladeSub.png</texture>
			</control>
			<control type="image">
				<description>LOGO</description>
				<left>15</left>
				<top>0</top>
				<width>220</width>
				<height>80</height>
				<aspectratio>keep</aspectratio>
				<texture>Confluence_Logo.png</texture>
			</control>
			<control type="grouplist" id="2000">
				<left>0</left>
				<top>60</top>
				<width>250</width>
				<height>600</height>
				<onup>270</onup>
				<ondown>251</ondown>
				<onleft>-</onleft>
				<onright>999</onright>
				<itemgap>0</itemgap>
				<control type="label" id="200">
					<description>NextPVR Options</description>
					<width>250</width>
					<height>35</height>
					<font>font12</font>
					<label>$ADDON[script.xbmc.x-newa 30000] $ADDON[script.xbmc.x-newa 30018]</label>
					<textcolor>blue</textcolor>
					<align>center</align>
					<aligny>center</aligny>
				</control>
				<control type="button" id="251">
					<description>TV Guide</description>
					<label>$ADDON[script.xbmc.x-newa 30019]</label>
					<left>0</left>
					<top>0</top>
					<textwidth>235</textwidth>
					<include>ButtonCommonValues</include>
					<enable>!substring(Window.Property(busy),true)+!substring(Window.Property(offline),true)</enable>
				</control>
				<control type="button" id="258">
					<description>Recordings</description>
					<label>$ADDON[script.xbmc.x-newa 30002]</label>
					<left>0</left>
					<top>0</top>
					<textwidth>235</textwidth>
					<include>ButtonCommonValues</include>
					<enable>!substring(Window.Property(busy),true)+!substring(Window.Property(recent),false)</enable>
				</control>
				<control type="button" id="253">
					<description>Upcoming Recordings</description>
					<label>$ADDON[script.xbmc.x-newa 30003] $ADDON[script.xbmc.x-newa 30002]</label>
					<left>0</left>
					<top>0</top>
					<textwidth>235</textwidth>
					<include>ButtonCommonValues</include>
					<enable>!substring(Window.Property(busy),true)+!substring(Window.Property(upcoming),false)</enable>
				</control> 
				<control type="button" id="260" >
					<description>NextPVR Web Client</description>
					<label>$ADDON[script.xbmc.x-newa 30021]</label>
					<left>0</left>
					<top>0</top>
					<textwidth>235</textwidth>
					<include>ButtonCommonValues</include>
					<enable>!substring(Window.Property(busy),true)+!substring(Window.Property(offline),true)</enable>
				</control> 
				<control type="button" id="252">
					<description>Recurring Recordings</description>
					<label>$ADDON[script.xbmc.x-newa 30007] $ADDON[script.xbmc.x-newa 30002]</label>
					<left>0</left>
					<top>0</top>
					<textwidth>235</textwidth>
					<include>ButtonCommonValues</include>
					<enable>!substring(Window.Property(busy),true)+!substring(Window.Property(scheduled),false)</enable>
				</control>
				<control type="button" id="250" >
					<description>TV Shows</description>
					<label>$ADDON[script.xbmc.x-newa 30022]</label>
					<left>0</left>
					<top>0</top>
					<textwidth>235</textwidth>
					<include>ButtonCommonValues</include>
					<enable>!substring(Window.Property(busy),true)</enable>
				</control>			
				<control type="button" id="254">
					<description>Search</description>
					<label>$ADDON[script.xbmc.x-newa 30023]</label>
					<left>0</left>
					<top>0</top>
					<textwidth>235</textwidth>
					<include>ButtonCommonValues</include>
					<enable>!substring(Window.Property(busy),true)+!substring(Window.Property(offline),true)</enable>
				</control>
				<control type="button" id="256">
					<description>Refresh</description>
					<label>$ADDON[script.xbmc.x-newa 30024]</label>
					<left>0</left>
					<top>0</top>
					<textwidth>235</textwidth>
					<include>ButtonCommonValues</include>
					<visible>!substring(Window.Property(offline),true)</visible>
					<enable>!substring(Window.Property(busy),true)</enable>
				</control>
				<control type="button" id="259">
					<description>Go Online</description>
					<label>$ADDON[script.xbmc.x-newa 30025]</label>
					<left>0</left>
					<top>0</top>
					<textwidth>235</textwidth>
					<include>ButtonCommonValues</include>
					<visible>substring(Window.Property(offline),true)</visible>
					<enable>!substring(Window.Property(busy),true)</enable>				
				</control>			
				<control type="button" id="257">
					<description>Exit</description>
					<label>$ADDON[script.xbmc.x-newa 30026]</label>
					<left>0</left>
					<top>0</top>
					<textwidth>235</textwidth>
					<include>ButtonCommonValues</include>
					<enable>!substring(Window.Property(busy),true)</enable>
				</control>
				<control type="button" id="270">
					<description>Fullscreen</description>
					<label>$ADDON[script.xbmc.x-newa 30044]</label>
					<left>0</left>
					<top>0</top>
					<textwidth>235</textwidth>
					<include>ButtonCommonValues</include>
					<onclick>fullscreen</onclick>
					<enable>!substring(Window.Property(busy),true)</enable>
					<visible>Player.HasVideo</visible>
				</control>
			</control>
		</control>
		<control type="button" id="999">
			<description>Fake button for initial focus</description>
			<left>1280</left>
			<top>720</top>
			<width>1</width>
			<height>1</height>
			<label>-</label>
			<font>-</font>
			<onleft>2000</onleft>
			<onright>248</onright>
			<onup>249</onup>
			<ondown>249</ondown>                        
            <texturenofocus>-</texturenofocus>
			<texturefocus>-</texturefocus>
			<visible>true</visible>
		</control>
<!-- ############ End Navigation Buttons ############ -->
<!-- ############ Begin Busy Indicator ############ -->
		<control type="group">
			<animation effect="fade" time="100">WindowOpen</animation>
			<animation effect="fade" time="200">WindowClose</animation>
			<visible>substring(Window.Property(busy),true)</visible>
			<left>1070</left>
			<top>640</top>
			<control type="image">
				<description>background image</description>
				<left>0</left>
				<top>0</top>
				<width>200</width>
				<height>70</height>
				<texture border="20">OverlayDialogBackground.png</texture>
			</control>
			<control type="image">
				<description>Busy animation</description>
				<left>20</left>
				<top>20</top>
				<width>32</width>
				<height>32</height>
				<texture>busy.png</texture>
				<aspectratio>keep</aspectratio>
				<animation effect="rotate" start="0" end="360" center="36,36" time="1200" loop="true" condition="true">conditional</animation>
			</control>
			<control type="label">
				<description>Busy label</description>
				<left>60</left>
				<top>20</top>
				<width>120</width>
				<height>32</height>
				<align>left</align>
				<aligny>center</aligny>
				<label>$LOCALIZE[31004]</label>
				<font>font12</font>
			</control>
		</control>
<!-- ############ End Busy Indicator ############ -->
<!-- ############ Begin Unused but Required Controls ############ -->
		<control type="group">
			<visible>false</visible>
			<control type="label" id="244"></control>
			<control type="label" id="245"></control>
			<control type="group" id="499"></control>
			<control type="image" id="247"></control>
			<control type="image" id="246"></control>
		</control>
<!-- ############ End Unused but Required Controls ############ -->
	</controls>
</window>
