<window>
	<id>3003</id>
	<defaultcontrol>999</defaultcontrol>
	<backgroundcolor>background</backgroundcolor>
	<type>window</type>
	<coordinates>
		<system>1</system>
		<left>0</left>
		<top>0</top>
	</coordinates>
	<controls>
<!-- ############ Begin Background ############ -->
		<include>DefaultBackground</include>
		<include content="TopBar">
			<param name="breadcrumbs_label" value="$ADDON[script.kodi.knewc 30000]" />
			<param name="breadcrumbs_icon" value="icons/sidemenu/tv.png" />
			<param name="sublabel" value="$ADDON[script.kodi.knewc 30001]" />
		</include>
		<include content="BottomBar">
			<param name="info_visible" value="true" />
		</include>
<!-- ############ End Background ############ -->
<!-- ############ Begin Content ############ -->
		<control type="group">
			<description>Content Group</description>
<!-- ############ Begin Upcoming Recordings Table ############ -->
			<control type="group">
				<left>500</left>
				<top>147</top>
<!-- ############ Begin Upcoming Recordings Heading ############ -->
				<control type="label">
					<description>Upcoming Recordings</description>
					<width>1300</width>
					<height>35</height>
					<font>font24_title</font>
					<align>left</align>
					<valign>bottom</valign>
					<label>$ADDON[script.kodi.knewc 30003] $ADDON[script.kodi.knewc 30002]</label>
				</control>
				<control type="group">
					<top>42</top>
					<control type="label">
						<description>Title</description>
						<left>3</left>
						<width>580</width>
						<height>35</height>
						<font>font13_title</font>
						<align>left</align>
						<label>$ADDON[script.kodi.knewc 30011]</label>
					</control>
					<control type="label">
						<description>Date/Time</description>
						<left>590</left>
						<width>450</width>
						<height>35</height>
						<font>font13_title</font>
						<align>left</align>
						<label>$ADDON[script.kodi.knewc 30009]/$ADDON[script.kodi.knewc 30010]</label>
					</control>
					<control type="label">
						<description>Channel</description>
						<left>1100</left>
						<width>200</width>
						<height>35</height>
						<font>font13_title</font>
						<align>left</align>
						<label>$ADDON[script.kodi.knewc 30012]</label>
					</control>
				</control>
<!-- ############ End Upcoming Recordings Heading ############ -->
<!-- ############ Begin Upcoming Recordings Content ############ -->
                    <control type="image">
                          <description>recent recordings table background</description>
        					<left>0</left>
				        	<top>82</top>
					        <width>1300</width>
					        <height>305</height>
                          <texture>lists/panel.png</texture>
                          <colordiffuse>B0FFFFFF</colordiffuse>
                          <!--colordiffuse>66FFFFFF</colordiffuse>
                          <texture border="5">black-back.png</texture-->
                    </control>
				<control type="list" id="248">
					<left>0</left>
					<top>77</top>
					<width>1300</width>
					<height>300</height>
					<onleft>9000</onleft>
					<onright>249</onright>
					<onup>248</onup>
					<ondown>248</ondown>
					<viewtype label="Recent Recordings">wide</viewtype>
					<scrolltime>0</scrolltime>
					<preloaditems>10</preloaditems>
					<itemlayout height="30">
						<control type="label">
							<left>3</left>
							<top>0</top>
							<width>580</width>
							<height>30</height>
							<font>font12</font>
                            <textcolor>0xffddddff</textcolor>
							<align>left</align>
							<aligny>center</aligny>
							<label>$INFO[ListItem.Property(title)]</label>
							<scroll>true</scroll>
							<scrollspeed>30</scrollspeed>
						</control>
						<control type="label">
							<left>590</left>
							<top>0</top>
							<width>450</width>
							<height>30</height>
							<font>font12</font>
							<align>left</align>
							<aligny>center</aligny>
							<label>$INFO[ListItem.Property(date)] $INFO[ListItem.Property(start)] - $INFO[ListItem.Property(end)]</label>
							<scroll>true</scroll>
							<scrollspeed>30</scrollspeed>
						</control>
						<control type="label">
							<left>1100</left>
							<top>0</top>
							<width>197</width>
							<height>30</height>
							<font>font12</font>
							<align>left</align>
							<aligny>center</aligny>
							<label>$INFO[ListItem.Property(channel)]</label>
							<scroll>true</scroll>
							<scrollspeed>30</scrollspeed>
						</control>
					</itemlayout>
					<focusedlayout height="30">
						<control type="image">
    	                    <left>0</left>
        	                <top>2</top>
	                        <height>30</height>
							<width>1304</width>
            	            <visible>Control.HasFocus(248)</visible>
                	        <texture colordiffuse="button_focus">lists/focus.png</texture>
		                </control>
						<control type="label">
							<left>3</left>
							<top>0</top>
							<width>580</width>
							<height>30</height>
							<font>font12</font>
                            <textcolor>0xffddddff</textcolor>
							<align>left</align>
							<aligny>center</aligny>
							<label>$INFO[ListItem.Property(title)]</label>
							<scroll>true</scroll>
							<scrollspeed>30</scrollspeed>
						</control>
						<control type="label">
							<left>590</left>
							<top>0</top>
							<width>450</width>
							<height>30</height>
							<font>font12</font>
							<align>left</align>
							<aligny>center</aligny>
							<label>$INFO[ListItem.Property(date)] $INFO[ListItem.Property(start)] - $INFO[ListItem.Property(end)]</label>
							<scroll>true</scroll>
							<scrollspeed>30</scrollspeed>
						</control>
						<control type="label">
							<left>1100</left>
							<top>0</top>
							<width>197</width>
							<height>30</height>
							<font>font12</font>
							<align>left</align>
							<aligny>center</aligny>
							<label>$INFO[ListItem.Property(channel)]</label>
							<scroll>true</scroll>
							<scrollspeed>30</scrollspeed>
						</control>
					</focusedlayout>
				</control>
<!-- ############ End Upcoming Recordings Content ############ -->
			</control>
<!-- ############ End Upcoming Recordings Table ############ -->
<!-- ############ Begin What's New Table ############ -->
			<control type="group">
				<left>500</left>
				<top>540</top>
<!-- ############ Begin What's New Heading ############ -->
				<control type="label">
					<description>What's New</description>
					<width>1300</width>
					<height>35</height>
					<font>font24_title</font>
					<align>left</align>
					<valign>bottom</valign>
					<label>$ADDON[script.kodi.knewc 30014]</label>
				</control>
				<control type="group">
					<top>42</top>
					<control type="label">
						<description>Title</description>
						<left>3</left>
						<width>580</width>
						<height>35</height>
						<font>font13_title</font>
						<align>left</align>
						<label>$ADDON[script.kodi.knewc 30011]</label>
					</control>
					<control type="label">
						<description>Date/Time</description>
						<left>590</left>
						<width>450</width>
						<height>35</height>
						<font>font13_title</font>
						<align>left</align>
						<label>$ADDON[script.kodi.knewc 30009]/$ADDON[script.kodi.knewc 30010]</label>
					</control>
					<control type="label">
						<description>Status</description>
						<left>1100</left>
						<width>200</width>
						<height>35</height>
						<font>font13_title</font>
						<align>left</align>
						<label>$ADDON[script.kodi.knewc 30013]</label>
					</control>
				</control>
<!-- ############ End What's New Heading ############ -->
<!-- ############ Begin What's New Content ############ -->
                    <control type="image">
                          <description>recent recordings table background</description>
        					<left>0</left>
				        	<top>82</top>
					        <width>1300</width>
					        <height>305</height>
                          <texture>lists/panel.png</texture>
                          <colordiffuse>B0FFFFFF</colordiffuse>
                          <!--colordiffuse>66FFFFFF</colordiffuse>
                          <texture border="5">black-back.png</texture-->
                    </control>

				<control type="list" id="249">
					<left>0</left>
					<top>77</top>
					<width>1300</width>
					<height>300</height>
					<onleft>9000</onleft>
					<onright>248</onright>
					<onup>249</onup>
					<ondown>249</ondown>
					<viewtype label="Recent Recordings">wide</viewtype>
					<scrolltime>0</scrolltime>
					<preloaditems>10</preloaditems>
					<itemlayout height="30">
						<control type="label">
							<left>3</left>
							<top>0</top>
							<width>580</width>
							<height>30</height>
							<font>font12</font>
							<align>left</align>
							<aligny>center</aligny>
							<label>$INFO[ListItem.Property(title)]</label>
							<scroll>true</scroll>
							<scrollspeed>30</scrollspeed>
						</control>
						<control type="label">
							<left>590</left>
							<top>0</top>
							<width>450</width>
							<height>30</height>
							<font>font12</font>
							<align>left</align>
							<aligny>center</aligny>
							<label>$INFO[ListItem.Property(date)] $INFO[ListItem.Property(start)] - $INFO[ListItem.Property(end)]</label>
							<scroll>true</scroll>
							<scrollspeed>30</scrollspeed>
						</control>
						<control type="label">
							<left>1100</left>
							<top>0</top>
							<width>197</width>
							<height>30</height>
							<font>font12</font>
							<align>left</align>
							<aligny>center</aligny>
							<label>$INFO[ListItem.Property(status)]</label>
							<scroll>true</scroll>
							<scrollspeed>30</scrollspeed>
						</control>
					</itemlayout>
					<focusedlayout height="30">
						<control type="image">
    	                    <left>0</left>
        	                <top>2</top>
	                        <height>30</height>
							<width>1300</width>
            	            <visible>Control.HasFocus(249)</visible>
                	        <texture colordiffuse="button_focus">lists/focus.png</texture>
		                </control>
						<control type="label">
							<left>3</left>
							<top>0</top>
							<width>580</width>
							<height>30</height>
							<font>font12</font>
							<align>left</align>
							<aligny>center</aligny>
							<label>$INFO[ListItem.Property(title)]</label>
							<scroll>true</scroll>
							<scrollspeed>30</scrollspeed>
						</control>
						<control type="label">
							<left>590</left>
							<top>0</top>
							<width>450</width>
							<height>30</height>
							<font>font12</font>
							<align>left</align>
							<aligny>center</aligny>
							<label>$INFO[ListItem.Property(date)] $INFO[ListItem.Property(start)] - $INFO[ListItem.Property(end)]</label>
							<scroll>true</scroll>
							<scrollspeed>30</scrollspeed>
						</control>
						<control type="label">
							<left>1100</left>
							<top>0</top>
							<width>197</width>
							<height>30</height>
							<font>font12</font>
							<align>left</align>
							<aligny>center</aligny>
							<label>$INFO[ListItem.Property(status)]</label>
							<scroll>true</scroll>
							<scrollspeed>30</scrollspeed>
						</control>
					</focusedlayout>
				</control>
<!-- ############ End What's New Content ############ -->
			</control>
<!-- ############ End What's New Table ############ -->
<!-- ############ Begin Free Space ############ -->
		<control type="group">
			<left>90</left>
			<top>440</top>
			<width>320</width>
			<control type="label">
				<description>Free Space</description>
				<left>0</left>
				<top>0</top>
				<width>320</width>
				<height>45</height>
				<font>font24_title</font>
				<align>left</align>
				<label>$ADDON[script.kodi.knewc 30015]</label>
			</control>
			<control type="group">
				<description>Estuary style free space indicator</description>
				<control type="progress" id="237">
					<description>Free Space Bar</description>
					<left>0</left>
					<top>50</top>
					<width>330</width>
					<height>25</height>
					<info>-</info>
				</control>
				<control type="group">
					<top>82</top>
					<aligny>top</aligny>
					<control type="label">
						<description>Space Used</description>
						<left>0</left>
						<width>165</width>
						<height>35</height>
						<font>font10</font>
						<align>left</align>
						<label>$INFO[Control.GetLabel(244)] $ADDON[script.kodi.knewc 30046]</label>
					</control>
					<control type="label">
						<left>165</left>
						<description>Space Free</description>
						<right>0</right>
						<width>165</width>
						<height>35</height>
						<font>font10</font>
						<align>right</align>
						<label>$INFO[Control.GetLabel(245)] $ADDON[script.kodi.knewc 30047]</label>
					</control>
				</control>
			</control>
		</control>
<!-- ############ End Free Space ############ -->
<!-- ############ Begin Counters ############ -->
		<control type="group">
			<left>90</left>
			<top>147</top>
			<width>320</width>
			<control type="label">
				<description>Counters</description>
				<width>230</width>
				<font>font24_title</font>
				<align>left</align>
				<label>$ADDON[script.kodi.knewc 30017]</label>
			</control>
			<control type="group">
				<top>42</top>
				<control type="label">
					<description>Upcoming</description>
					<width>260</width>
					<font>font13</font>
					<align>left</align>
					<label>$ADDON[script.kodi.knewc 30003]:</label>
				</control>
				<control type="label" id="243">
					<description>Upcoming Value</description>
					<right>0</right>
					<width>55</width>
					<font>font13</font>
					<align>right</align>
					<label>-</label>
				</control>
			</control>
			<control type="group">
				<top>74</top>
				<control type="label">
					<description>In Progress</description>
					<width>260</width>
					<font>font13</font>
					<align>left</align>
					<label>$ADDON[script.kodi.knewc 30004]:</label>
				</control>
				<control type="label" id="242">
					<description>In Progress Value</description>
					<right>0</right>
					<width>55</width>
					<font>font13</font>
					<align>right</align>
					<label>-</label>
				</control>
			</control>
			<control type="group">
				<top>106</top>
				<control type="label">
					<description>Available</description>
					<width>260</width>
					<font>font13</font>
					<align>left</align>
					<label>$ADDON[script.kodi.knewc 30005]:</label>
				</control>
				<control type="label" id="241">
					<description>Available Value</description>
					<right>0</right>
					<width>55</width>
					<font>font13</font>
					<align>right</align>
					<label>-</label>
				</control>
			</control>
			<control type="group">
				<top>138</top>
				<control type="label">
					<description>Failed</description>
					<width>260</width>
					<font>font13</font>
					<align>left</align>
					<label>$ADDON[script.kodi.knewc 30006]:</label>
				</control>
				<control type="label" id="240">
					<description>Failed Value</description>
					<right>0</right>
					<width>55</width>
					<font>font13</font>
					<align>right</align>
					<label>-</label>
				</control>
			</control>
			<control type="group">
				<top>170</top>
				<control type="label">
					<description>Conflicts</description>
					<width>260</width>
					<font>font13</font>
					<align>left</align>
					<label>$ADDON[script.kodi.knewc 30007]:</label>
				</control>
				<control type="label" id="238">
					<description>Conflicts Value</description>
					<right>0</right>
					<width>55</width>
					<font>font13</font>
					<align>right</align>
					<label>-</label>
				</control>
			</control>
			<control type="group">
				<top>202</top>
				<control type="label">
					<description>Recurring</description>
					<width>260</width>
					<font>font13</font>
					<align>left</align>
					<label>$ADDON[script.kodi.knewc 30008]:</label>
				</control>
				<control type="label" id="239">
					<description>Recurring Value</description>
					<right>0</right>
					<width>55</width>
					<font>font13</font>
					<align>right</align>
					<label>-</label>
				</control>
			</control>
		</control>
<!-- ############# End Counters ############ -->
	</control>
<!-- ############ End Content ############ -->
<!-- ############ Begin Page Count ############ -->
<!-- ############ End Page Count ############ -->
<!-- ############ Begin Navigation Buttons ############ -->
		<include>MediaMenuMouseOverlay</include>
		<control type="group">
			<include>MediaMenuCommon</include>
			<control type="grouplist" id="9000">
				<top>90</top>
				<onup>270</onup>
				<ondown>251</ondown>
				<onleft>-</onleft>
				<onright>999</onright>
				<control type="label" id="200">
					<description>NextPVR Options</description>
					<include>MediaMenuLabelCommon</include>
					<label>$ADDON[script.kodi.knewc 30000] $ADDON[script.kodi.knewc 30018]</label>
				</control>
				<control type="button" id="251">
					<description>TV Guide</description>
					<include>MediaMenuItemsCommon</include>
					<label>$ADDON[script.kodi.knewc 30019]</label>
					<enable>!string.contains(Window.Property(busy),true)+!string.contains(Window.Property(offline),true)</enable>
				</control>
				<control type="button" id="258">
					<description>Recordings</description>
					<include>MediaMenuItemsCommon</include>
					<label>$ADDON[script.kodi.knewc 30002]</label>
					<enable>!string.contains(Window.Property(busy),true)+!string.contains(Window.Property(recent),false)</enable>
				</control>
				<control type="button" id="253">
					<description>Upcoming Recordings</description>
					<include>MediaMenuItemsCommon</include>
					<label>$ADDON[script.kodi.knewc 30003] $ADDON[script.kodi.knewc 30002]</label>
					<enable>!string.contains(Window.Property(busy),true)+!string.contains(Window.Property(upcoming),false)</enable>
				</control>
				<control type="button" id="260" >
					<description>NextPVR UI Client</description>
					<include>MediaMenuItemsCommon</include>
					<label>$ADDON[script.kodi.knewc 30021]</label>
					<enable>!string.contains(Window.Property(busy),true)+!string.contains(Window.Property(offline),true)</enable>
				</control>
				<control type="button" id="252">
					<description>Recurring Recordings</description>
					<include>MediaMenuItemsCommon</include>
					<label>$ADDON[script.kodi.knewc 30007] $ADDON[script.kodi.knewc 30002]</label>
					<enable>!string.contains(Window.Property(busy),true)+!string.contains(Window.Property(scheduled),false)</enable>
				</control>
				<control type="button" id="250" >
					<description>TV Shows</description>
					<include>MediaMenuItemsCommon</include>
					<label>$ADDON[script.kodi.knewc 30022]</label>
					<enable>!string.contains(Window.Property(busy),true)</enable>
				</control>
				<control type="button" id="254">
					<description>Search</description>
					<include>MediaMenuItemsCommon</include>
					<label>$ADDON[script.kodi.knewc 30023]</label>
					<enable>!string.contains(Window.Property(busy),true)+!string.contains(Window.Property(offline),true)</enable>
				</control>
				<control type="button" id="256">
					<description>Refresh</description>
					<include>MediaMenuItemsCommon</include>
					<label>$ADDON[script.kodi.knewc 30024]</label>
					<visible>!string.contains(Window.Property(offline),true)</visible>
					<enable>!string.contains(Window.Property(busy),true)</enable>
				</control>
				<control type="button" id="257">
					<description>Exit</description>
					<include>MediaMenuItemsCommon</include>
					<label>$ADDON[script.kodi.knewc 30026]</label>
					<enable>!string.contains(Window.Property(busy),true)</enable>
				</control>
				<control type="button" id="259">
					<description>Go Online</description>
					<include>MediaMenuItemsCommon</include>
					<label>$ADDON[script.kodi.knewc 30025]</label>
					<visible>string.contains(Window.Property(offline),true)</visible>
					<enable>!string.contains(Window.Property(busy),true)</enable>
				</control>
				<control type="button" id="270">
					<description>Fullscreen</description>
					<include>MediaMenuItemsCommon</include>
					<label>$ADDON[script.kodi.knewc 30044]</label>
					<onclick>fullscreen</onclick>
					<enable>!string.contains(Window.Property(busy),true)</enable>
					<visible>Player.HasVideo</visible>
				</control>
			</control>
		</control>
		<control type="button" id="999">
			<description>Fake button for initial focus</description>
			<left>1280</left>
			<top>720</top>
			<width>1</width>
			<height>1</height>
			<label>-</label>
			<font>-</font>
			<onleft>9000</onleft>
			<onright>248</onright>
			<onup>248</onup>
			<ondown>248</ondown>
            <texturenofocus>-</texturenofocus>
			<texturefocus>-</texturefocus>
			<visible>true</visible>
		</control>
<!-- ############ End Navigation Buttons ############ -->
<!-- ############ Begin Busy Indicator ############ -->
		<control type="group">
			<animation type="WindowOpen" reversible="false">
				<effect type="zoom" start="80" end="100" center="960,540" tween="back" time="240" />
				<effect type="fade" end="100" time="240" />
			</animation>
			<animation type="WindowClose" reversible="false">
				<effect type="zoom" start="100" end="80" center="960,540" easing="in" tween="back" time="240" />
				<effect type="fade" start="100" end="0" time="240" />
			</animation>
			<visible>string.contains(Window.Property(busy),true)</visible>
			<control type="group">
				<visible>String.IsEmpty(Window(Home).Property(script.cinemavision.running))</visible>
				<animation type="Visible" reversible="false">
					<effect type="zoom" start="80" end="100" center="960,540" tween="back" time="240" />
					<effect type="fade" end="100" time="240" />
				</animation>
				<animation type="Hidden" reversible="false">
					<effect type="zoom" start="100" end="80" center="960,540" easing="in" tween="back" time="240" />
					<effect type="fade" start="100" end="0" time="240" />
				</animation>
				<visible>!Window.IsActive(startup)</visible>
				<control type="image">
					<texture>colors/black.png</texture>
					<include>FullScreenDimensions</include>
					<animation effect="fade" start="100" end="70" time="0" condition="true">Conditional</animation>
					<animation effect="fade" start="100" end="0" time="240" condition="Window.IsVisible(fullscreenvideo)">Conditional</animation>
					<animation effect="fade" end="100" time="560">WindowOpen</animation>
					<animation effect="fade" start="100" end="0" time="240">WindowClose</animation>
				</control>
				<control type="image">
					<depth>DepthMax</depth>
					<left>920</left>
					<top>513</top>
					<width>80</width>
					<height>80</height>
					<aspectratio>keep</aspectratio>
					<animation effect="rotate" end="-45" center="auto" time="200" delay="600" loop="true" reversible="false" condition="true">Conditional</animation>
					<texture colordiffuse="button_focus">spinner.png</texture>
					<animation effect="fade" end="100" time="300" delay="200">WindowOpen</animation>
				</control>
				<control type="image">
					<depth>DepthMax</depth>
					<left>935</left>
					<top>528</top>
					<width>50</width>
					<height>50</height>
					<aspectratio>keep</aspectratio>
					<animation effect="rotate" end="45" center="auto" time="200" delay="600" loop="true" reversible="false" condition="true">Conditional</animation>
					<texture flipx="true" colordiffuse="button_focus">spinner.png</texture>
					<animation effect="fade" end="100" time="300" delay="200">WindowOpen</animation>
				</control>
			</control>
		</control>
<!-- ############ End Busy Indicator ############ -->
<!-- ############ Begin Unused but Required Controls ############ -->
		<control type="group">
			<visible>false</visible>
			<control type="label" id="244"></control>
			<control type="label" id="245"></control>
			<control type="group" id="499"></control>
			<control type="image" id="247"></control>
			<control type="image" id="246"></control>
		</control>
<!-- ############ End Unused but Required Controls ############ -->
	</controls>
</window>
