<window>
    <type>dialog</type>
    <defaultcontrol>250</defaultcontrol>
    <animation effect="fade" time="200">WindowOpen</animation>
    <animation effect="fade" time="200">WindowClose</animation>
    <coordinates>
        <system>1</system>
        <posx>190</posx>
        <!-- <posy>95</posy> -->
        <posy>25</posy>
    </coordinates>
    <controls>
        
        <control type="image">
            <description>dialog background image</description>
            <posx>0</posx>
            <posy>0</posy>
            <width>880</width>
            <height>670</height>
            <texture border="40">DialogBack.png</texture>
            <aspectratio>stretch</aspectratio>
        </control>
        
        <control type="image">
            <description>dialog border image</description>
            <posx>0</posx>
            <posy>0</posy>
            <width>880</width>
            <height>670</height>
            <texture border="40">DialogFront.png</texture>
            <aspectratio>stretch</aspectratio>
        </control>
        
        <control type="label" id="301">
            <description>Dialog Heading</description>
            <posx>40</posx>
            <posy>40</posy>
            <width>630</width>
            <align>center</align>
            <font>font20</font>
            <info>Window.Property(heading)</info>
            <label></label>
        </control>
        
        <control type="image">
            <description>separator image</description>
            <posx>40</posx>
            <posy>75</posy>
            <width>650</width>
            <height>2</height>
            <texture>separator.png</texture>
        </control>
                
        <!--  SECTION 3 -->
        
        <control type="grouplist" id="9000">
            <description>Recording Options</description>
            <posx>45</posx>
            <posy>45</posy>
            <height>580</height>
            <itemgap>4</itemgap>
            <onleft>2000</onleft>
            <onright>2000</onright>
            <ondown>9000</ondown>
            <onup>9000</onup>
            
            <control type="image" id="7777">
                <height>100</height>
                <align>left</align>
                <textoffsetx>10</textoffsetx>
                <texturefocus>input-focus.png</texturefocus>
                <texturenofocus>input-nofocus.png</texturenofocus>
                <visible>false</visible>
            </control>
            <control type="button" id="298">
                <label>NextPVR Settings</label>
                <textcolor name="white">FFFFFFFF</textcolor>                        
                <focusedcolor name="white">FFFFFFFF</focusedcolor>                                        
                <width>650</width>
                <height>35</height>
                <font>font12</font>
                <align>center</align>
                <textoffsetx>10</textoffsetx>
                <texturefocus>input-focus.png</texturefocus>
                <texturenofocus>input-nofocus.png</texturenofocus>
            </control>

            <control type="button" id="201">
                <label>NextPVR IP Address:</label>
                <textcolor name="white">FFFFFFFF</textcolor>                        
                <focusedcolor name="white">FFFFFFFF</focusedcolor>                                                        
                <label2>127.0.0.1</label2>
                <width>650</width>
                <height>35</height>
                <font>font12</font>
                <align>left</align>
                <textoffsetx>10</textoffsetx>
                <texturefocus>input-focus.png</texturefocus>
                <texturenofocus>input-nofocus.png</texturenofocus>
            </control>
            
            <control type="button" id="202">
                <label>NextPVR Port Number:</label>
                <textcolor name="white">FFFFFFFF</textcolor>                        
                <focusedcolor name="white">FFFFFFFF</focusedcolor>                                                        
                <label2>8866</label2>
                <width>650</width>
                <height>35</height>
                <align>left</align>
                <font>font12</font>
                <textoffsetx>10</textoffsetx>
                <texturefocus>input-focus.png</texturefocus>
                <texturenofocus>input-nofocus.png</texturenofocus>
            </control>
            <control type="button" id="203">
                <label>NextPVR Userid:</label>
                <textcolor name="white">FFFFFFFF</textcolor>                        
                <focusedcolor name="white">FFFFFFFF</focusedcolor>                                                        
                <label2>admin</label2>
                <width>650</width>
                <height>35</height>
                <align>left</align>
                <font>font12</font>
                <textoffsetx>10</textoffsetx>
                <texturefocus>input-focus.png</texturefocus>
                <texturenofocus>input-nofocus.png</texturenofocus>
            </control>
            
            <control type="button" id="204">
                <label>NextPVR Password:</label>
                <textcolor name="white">FFFFFFFF</textcolor>                        
                <focusedcolor name="white">FFFFFFFF</focusedcolor>                                                        
                <label2>password</label2>
                <width>650</width>
                <height>35</height>
                <align>left</align>
                <font>font12</font>
                <textoffsetx>10</textoffsetx>
                <texturefocus>input-focus.png</texturefocus>
                <texturenofocus>input-nofocus.png</texturenofocus>
            </control>
            
            <control type="button" id="205">
                <label>PIN</label>
                <textcolor name="white">FFFFFFFF</textcolor>                        
                <focusedcolor name="white">FFFFFFFF</focusedcolor>                                                        
                <label2>xxx</label2>
                <width>650</width>
                <height>35</height>
                <align>left</align>
                <font>font12</font>
                <textoffsetx>10</textoffsetx>
                <texturefocus>input-focus.png</texturefocus>
                <texturenofocus>input-nofocus.png</texturenofocus>
            </control>            
            
            <control type="button" id="300">
                <label>X-NEWA Settings</label>
                <textcolor name="white">FFFFFFFF</textcolor>                        
                <focusedcolor name="white">FFFFFFFF</focusedcolor>                                                        
                <width>650</width>
                <height>35</height>
                <font>font12</font>
                <align>center</align>
                <textoffsetx>10</textoffsetx>
                <texturefocus>input-focus.png</texturefocus>
                <texturenofocus>input-nofocus.png</texturenofocus>
            </control>
            <control type="button" id="220">
                <label>Interface</label>
                <textcolor name="white">FFFFFFFF</textcolor>                        
                <focusedcolor name="white">FFFFFFFF</focusedcolor>                                                        
                <label2>xxx</label2>
                <width>650</width>
                <height>35</height>
                <align>left</align>
                <font>font12</font>
                <textoffsetx>10</textoffsetx>
                <texturefocus>input-focus.png</texturefocus>
                <texturenofocus>input-nofocus.png</texturenofocus>
            </control>
            <control type="button" id="221">
                <label>Web Client Size</label>
                <textcolor name="white">FFFFFFFF</textcolor>                        
                <focusedcolor name="white">FFFFFFFF</focusedcolor>                                                        
                <label2>xxx</label2>
                <width>650</width>
                <height>35</height>
                <align>left</align>
                <font>font12</font>
                <textoffsetx>10</textoffsetx>
                <texturefocus>input-focus.png</texturefocus>
                <texturenofocus>input-nofocus.png</texturenofocus>
            </control>
            <control type="button" id="222">
                <label>Web Client Quality</label>
                <textcolor name="white">FFFFFFFF</textcolor>                        
                <focusedcolor name="white">FFFFFFFF</focusedcolor>                                                        
                <label2>xxx</label2>
                <width>650</width>
                <height>35</height>
                <align>left</align>
                <font>font12</font>
                <textoffsetx>10</textoffsetx>
                <texturefocus>input-focus.png</texturefocus>
                <texturenofocus>input-nofocus.png</texturenofocus>
            </control>
            
            <control type="button" id="219">
                <label>Update XBMC database</label>
                <textcolor name="white">FFFFFFFF</textcolor>                        
                <focusedcolor name="white">FFFFFFFF</focusedcolor>                                                        
                <label2>xxx</label2>
                <width>650</width>
                <height>35</height>
                <align>left</align>
                <font>font12</font>
                <textoffsetx>10</textoffsetx>
                <texturefocus>input-focus.png</texturefocus>
                <texturenofocus>input-nofocus.png</texturenofocus>
            </control>                                    
            <control type="button" id="216">
                <label>Fetch Cover</label>
                <textcolor name="white">FFFFFFFF</textcolor>                        
                <focusedcolor name="white">FFFFFFFF</focusedcolor>                                                        
                <label2>xxx</label2>
                <width>650</width>
                <height>35</height>
                <align>left</align>
                <font>font12</font>
                <textoffsetx>10</textoffsetx>
                <texturefocus>input-focus.png</texturefocus>
                <texturenofocus>input-nofocus.png</texturenofocus>
            </control>            
            
            <control type="button" id="305">
                <label>Use Wake-On-Lan</label>
                <textcolor name="white">FFFFFFFF</textcolor>                        
                <focusedcolor name="white">FFFFFFFF</focusedcolor>                                                        
                <label2>xxx</label2>
                <width>650</width>
                <height>35</height>
                <align>left</align>
                <font>font12</font>
                <textoffsetx>10</textoffsetx>
                <texturefocus>input-focus.png</texturefocus>
                <texturenofocus>input-nofocus.png</texturenofocus>
            </control>            
            <control type="button" id="306">
                <label>NextPVR MAC Address:</label>
                <textcolor name="white">FFFFFFFF</textcolor>                        
                <focusedcolor name="white">FFFFFFFF</focusedcolor>                                                        
                <label2>xxx</label2>
                <width>650</width>
                <height>35</height>
                <align>left</align>
                <font>font12</font>
                <textoffsetx>10</textoffsetx>
                <texturefocus>input-focus.png</texturefocus>
                <texturenofocus>input-nofocus.png</texturenofocus>
            </control>

            <control type="button" id="307">
                <label>Wake-On-LAN Broadcast Address</label>
                <textcolor name="white">FFFFFFFF</textcolor>                        
                <focusedcolor name="white">FFFFFFFF</focusedcolor>                                                        
                <label2>xxx</label2>
                <width>650</width>
                <height>35</height>
                <align>left</align>
                <font>font12</font>
                <textoffsetx>10</textoffsetx>
                <texturefocus>input-focus.png</texturefocus>
                <texturenofocus>input-nofocus.png</texturenofocus>
            </control>
            
            <control type="button" id="299">
                <label>EPG Settings</label>
                <textcolor name="white">FFFFFFFF</textcolor>                        
                <focusedcolor name="white">FFFFFFFF</focusedcolor>                                                        
                <width>650</width>
                <height>35</height>
                <font>font12</font>
                <align>center</align>
                <textoffsetx>10</textoffsetx>
                <texturefocus>input-focus.png</texturefocus>
                <texturenofocus>input-nofocus.png</texturenofocus>
            </control>

            <control type="button" id="214">
                <label>Channel Group</label>
                <textcolor name="white">FFFFFFFF</textcolor>                        
                <focusedcolor name="white">FFFFFFFF</focusedcolor>                                                        
                <label2>75</label2>
                <width>650</width>
                <height>35</height>
                <align>left</align>
                <font>font12</font>
                <textoffsetx>10</textoffsetx>
                <texturefocus>input-focus.png</texturefocus>
                <texturenofocus>input-nofocus.png</texturenofocus>
            </control>
			
            <control type="button" id="210">
				<label>Scroll Interval (min.):</label>
                <textcolor name="white">FFFFFFFF</textcolor>                        
                <focusedcolor name="white">FFFFFFFF</focusedcolor>                                                
                <label2>15</label2>
                <width>650</width>
                <height>35</height>
                <align>left</align>
                <font>font12</font>
                <textoffsetx>10</textoffsetx>
                <texturefocus>input-focus.png</texturefocus>
                <texturenofocus>input-nofocus.png</texturenofocus>
            </control>

            <control type="button" id="211">
                <label>Display Interval (min.):</label>
                <textcolor name="white">FFFFFFFF</textcolor>                        
                <focusedcolor name="white">FFFFFFFF</focusedcolor>                                                        
                <label2>60</label2>
                <width>650</width>
                <height>35</height>
                <align>left</align>
                <font>font12</font>
                <textoffsetx>10</textoffsetx>
                <texturefocus>input-focus.png</texturefocus>
                <texturenofocus>input-nofocus.png</texturenofocus>
            </control>

            <control type="button" id="212">
                <label>Retrieve Interval (hrs.):</label>
                <textcolor name="white">FFFFFFFF</textcolor>                        
                <focusedcolor name="white">FFFFFFFF</focusedcolor>                                                        
                <label2>2</label2>
                <width>650</width>
                <height>35</height>
                <align>left</align>
                <font>font12</font>
                <textoffsetx>10</textoffsetx>
                <texturefocus>input-focus.png</texturefocus>
                <texturenofocus>input-nofocus.png</texturenofocus>
            </control>

            <control type="button" id="213">
                <label>Row Height (px):</label>
                <textcolor name="white">FFFFFFFF</textcolor>                        
                <focusedcolor name="white">FFFFFFFF</focusedcolor>                                                        
                <label2>75</label2>
                <width>650</width>
                <height>35</height>
                <align>left</align>
                <font>font12</font>
                <textoffsetx>10</textoffsetx>
                <texturefocus>input-focus.png</texturefocus>
                <texturenofocus>input-nofocus.png</texturenofocus>
            </control>
            <control type="button" id="400">
                <label>Video Streaming Settings</label>
                <textcolor name="white">FFFFFFFF</textcolor>                        
                <focusedcolor name="white">FFFFFFFF</focusedcolor>                                        
                <width>650</width>
                <height>35</height>
                <font>font12</font>
                <align>center</align>
                <textoffsetx>10</textoffsetx>
                <texturefocus>input-focus.png</texturefocus>
                <texturenofocus>input-nofocus.png</texturenofocus>
				<visible>true</visible>								
            </control>
            <control type="button" id="215">
                <label>Stream Format</label>
                <textcolor name="white">FFFFFFFF</textcolor>                        
                <focusedcolor name="white">FFFFFFFF</focusedcolor>                                                        
                <label2>xxx</label2>
                <width>650</width>
                <height>35</height>
                <align>left</align>
                <font>font12</font>
                <textoffsetx>10</textoffsetx>
                <texturefocus>input-focus.png</texturefocus>
                <texturenofocus>input-nofocus.png</texturenofocus>
            </control>
            
            <control type="button" id="217">
                <label>Pre-buffer</label>
                <textcolor name="white">FFFFFFFF</textcolor>                        
                <focusedcolor name="white">FFFFFFFF</focusedcolor>                                                        
                <label2>xxx</label2>
                <width>650</width>
                <height>35</height>
                <align>left</align>
                <font>font12</font>
                <textoffsetx>10</textoffsetx>
                <texturefocus>input-focus.png</texturefocus>
                <texturenofocus>input-nofocus.png</texturenofocus>
            </control>                                    
            <control type="button" id="218">
                <label>Post-buffer</label>
                <textcolor name="white">FFFFFFFF</textcolor>                        
                <focusedcolor name="white">FFFFFFFF</focusedcolor>                                                        
                <label2>xxx</label2>
                <width>650</width>
                <height>35</height>
                <align>left</align>
                <font>font12</font>
                <textoffsetx>10</textoffsetx>
                <texturefocus>input-focus.png</texturefocus>
                <texturenofocus>input-nofocus.png</texturenofocus>
            </control>                        
            
            <control type="button" id="401">
                <label>Video Size:</label>
                <textcolor name="white">FFFFFFFF</textcolor>                        
                <focusedcolor name="white">FFFFFFFF</focusedcolor>                                                        
                <label2>"320"</label2>
                <width>650</width>
                <height>35</height>
                <font>font12</font>
                <align>left</align>
                <textoffsetx>10</textoffsetx>
                <texturefocus>input-focus.png</texturefocus>
                <texturenofocus>input-nofocus.png</texturenofocus>
				<visible>Control.IsVisible(400)</visible>								
            </control>

            <control type="button" id="402">
                <label>Video Bitrate:</label>
                <textcolor name="white">FFFFFFFF</textcolor>                        
                <focusedcolor name="white">FFFFFFFF</focusedcolor>                                                        
                <label2>LAN</label2>
                <width>650</width>
                <height>35</height>
                <font>font12</font>
                <align>left</align>
                <textoffsetx>10</textoffsetx>
                <texturefocus>input-focus.png</texturefocus>
                <texturenofocus>input-nofocus.png</texturenofocus>
				<visible>Control.IsVisible(400)</visible>								
            </control>
            <control type="button" id="403">
                <label>Audio Bitrate:</label>
                <textcolor name="white">FFFFFFFF</textcolor>                        
                <focusedcolor name="white">FFFFFFFF</focusedcolor>                                                        
                <label2>"32"</label2>
                <width>650</width>
                <height>35</height>
                <font>font12</font>
                <align>left</align>
                <textoffsetx>10</textoffsetx>
                <texturefocus>input-focus.png</texturefocus>
                <texturenofocus>input-nofocus.png</texturenofocus>
				<visible>Control.IsVisible(400)</visible>				
            </control>
        </control>
        
        <control type="grouplist" id="2000">
            <description>Save Cancel Delete Buttons</description>
            <posx>710</posx>
            <posy>95</posy>
            <onleft>9000</onleft>
            <onright>9000</onright>
            <ondown>2000</ondown>
            <onup>2000</onup>
            
            <control type="button" id="250">
                <label>Save</label>
                <textcolor name="white">FFFFFFFF</textcolor>                        
                <focusedcolor name="white">FFFFFFFF</focusedcolor>                                                        
                <width>120</width>
                <height>35</height>
                <align>center</align>
                <texturenofocus>button2-nofocus.png</texturenofocus>
                <texturefocus border="5">button-focus2.png</texturefocus>
            </control>

            <control type="button" id="253">
                <label>Cancel</label>
                <textcolor name="white">FFFFFFFF</textcolor>                        
                <focusedcolor name="white">FFFFFFFF</focusedcolor>                                                        
                <width>120</width>
                <height>35</height>
                <align>center</align>
                <texturenofocus>button2-nofocus.png</texturenofocus>
                <texturefocus border="5">button-focus2.png</texturefocus>
            </control>
        </control>
        <control type="multiimage" id="237">
            <description>Busy throbber</description>
            <posx>400</posx>
            <posy>300</posy>
            <width>128</width>
            <height>128</height>
            <imagepath>busy</imagepath>
            <timeperimage>50</timeperimage>
            <fadetime>0</fadetime>
            <visible>substring(Window.Property(busy),true)</visible>
            <animation effect="fade" time="250">VisibleChange</animation>
        </control>
    </controls>
</window>
