<window>
	<id>3004</id>
	<defaultcontrol>600</defaultcontrol>
	<type>window</type>
	<coordinates>
		<system>1</system>
		<posx>0</posx>
		<posy>0</posy>
	</coordinates>
	<controls>
<!-- ############ Begin Background ############ -->
		<include>CommonBackground</include>
		<control type="image">
			<left>0</left>
			<top>100r</top>
			<width>1280</width>
			<height>100</height>
			<texture>floor.png</texture>
			<animation effect="slide" start="0,10" end="0,0" time="200" condition="Window.Previous(Home)">WindowOpen</animation>
			<animation effect="slide" start="0,0" end="0,10" time="200" condition="Window.Next(Home)">WindowClose</animation>
		</control>
		<control type="group">
			<include>VisibleFadeEffect</include>
			<control type="image">
				<left>50</left>
				<top>60</top>
				<width>770</width>
				<height>600</height>
				<texture border="15">ContentPanel.png</texture>
			</control>
			<control type="image">
				<left>50</left>
				<top>652</top>
				<width>770</width>
				<height>64</height>
				<texture border="15">ContentPanelMirror.png</texture>
			</control>
		</control>
		<control type="group">
			<description>Content Panel for show listing</description>
			<include>VisibleFadeEffect</include>
			<control type="image">
				<left>830</left>
				<top>60</top>
				<width>400</width>
				<height>600</height>
				<texture border="15">ContentPanel.png</texture>
			</control>
			<control type="image">
				<left>830</left>
				<top>652</top>
				<width>400</width>
				<height>64</height>
				<texture border="15">ContentPanelMirror.png</texture>
			</control>
		</control>
		<include>BehindDialogFadeOut</include>
		<include>ScrollOffsetLabel</include>
		<control type="image">
			<description>Section header image</description>
			<left>20</left>
			<top>3</top>
			<width>35</width>
			<height>35</height>
			<aspectratio>keep</aspectratio>
			<texture>icon_video.png</texture>
		</control>
		<control type="grouplist">
			<left>65</left>
			<top>5</top>
			<width>1000</width>
			<height>30</height>
			<orientation>horizontal</orientation>
			<align>left</align>
			<itemgap>5</itemgap>
			<control type="label">
				<include>WindowTitleCommons</include>
				<label>$ADDON[script.kodi.knewc 30000] [COLOR=blue] - [/COLOR] $ADDON[script.kodi.knewc 30023]</label>
			</control>
		</control>
		<include>Clock</include>
<!-- ############ End Background ############ -->
		<control type="group">
			<description>Content Group</description>
<!-- ############ Begin Upcoming Recordings Table ############ -->
			<control type="group">
				<posx>80</posx>
				<posy>80</posy>
<!-- ############ Begin Search Header ############ -->
				<control type="label">
					<description>Search</description>
					<width>850</width>
					<height>35</height>
					<font>font24_title</font>
					<align>left</align>
					<valign>bottom</valign>
					<label>$ADDON[script.kodi.knewc 30023]</label>
				</control>
				<control type="group">
					<description>Header for list of shows</description>
					<aligny>center</aligny>
					<posy>40</posy>
					<control type="group">
						<description>top and bottom separator</description>
						<posx>-30</posx>
						<control type="image">
							<posy>0</posy>
							<width>720</width>
							<height>1</height>
							<colordiffuse>88FFFFFF</colordiffuse>
							<texture>separator2.png</texture>
						</control>
						<control type="image">
							<posy>30</posy>
							<width>720</width>
							<height>1</height>
							<colordiffuse>88FFFFFF</colordiffuse>
							<texture>separator2.png</texture>
						</control>
					</control>
					<control type="label">
						<description>Air Date</description>
						<width>145</width>
						<height>35</height>
						<font>font13</font>
						<align>left</align>
						<label>$ADDON[script.kodi.knewc 30009]</label>
					</control>
					<control type="label">
						<description>Title</description>
						<posx>150</posx>
						<width>320</width>
						<height>35</height>
						<font>font13</font>
						<align>left</align>
						<label>$ADDON[script.kodi.knewc 30011]</label>
					</control>
					<control type="label">
						<description>Start Time</description>
						<posx>475</posx>
						<width>240</width>
						<height>35</height>
						<font>font13</font>
						<align>left</align>
						<label>$ADDON[script.kodi.knewc 30028]</label>
					</control>
				</control>
<!-- ############ End Search Header ############ -->
<!-- ############ Begin Search Content ############ -->
				<control type="list" id="600">
					<posx>0</posx>
					<posy>75</posy>
					<width>720</width>
					<height>480</height>
					<onleft>2000</onleft>
					<onright>6000</onright>
					<onup>600</onup>
					<ondown>600</ondown>
					<viewtype label="535">list</viewtype>
					<pagecontrol>6000</pagecontrol>
					<scrolltime>0</scrolltime>
					<preloaditems>10</preloaditems>
					<itemlayout height="30">
						<control type="image">
							<left>0</left>
							<top>0</top>
							<width>720</width>
							<height>30</height>
							<texture border="0,2,0,2">MenuItemNF.png</texture>
						</control>
						<control type="label">
							<width>145</width>
							<height>30</height>
							<font>font12_title</font>
							<align>left</align>
							<label>$INFO[ListItem.Property(airdate)]</label>
							<scroll>true</scroll>
							<scrollspeed>30</scrollspeed>
						</control>
						<control type="label">
							<visible>IsEmpty(Window.Property(recording))</visible>
							<posx>150</posx>
							<width>320</width>
							<height>30</height>
							<font>font12</font>
							<align>left</align>
							<label>$INFO[ListItem.Property(title)]</label>
						</control>
						<control type="label">
							<visible>!IsEmpty(Window.Property(recording))</visible>
							<posx>150</posx>
							<width>320</width>
							<height>30</height>
							<font>font12</font>
							<align>left</align>
							<label>[YELLOW]$INFO[ListItem.Property(title)][/YELLOW]</label>
						</control>
						<control type="label">
							<visible>IsEmpty(Window.Property(recording))</visible>
							<posx>475</posx>
							<width>240</width>
							<height>30</height>
							<font>font12</font>
							<align>left</align>
							<label>$INFO[ListItem.Property(start)] ($INFO[ListItem.Property(duration)] $ADDON[script.kodi.knewc 30029])</label>
						</control>
						<control type="label">
							<visible>!IsEmpty(Window.Property(recording))</visible>
							<posx>475</posx>
							<width>240</width>
							<height>30</height>
							<font>font12</font>
							<align>left</align>
							<label>[YELLOW]$INFO[ListItem.Property(start)] ($INFO[ListItem.Property(duration)] $ADDON[script.kodi.knewc 30029])[/YELLOW]</label>
						</control>
					</itemlayout>
					<focusedlayout height="30">
						<control type="image">
							<left>0</left>
							<top>0</top>
							<width>720</width>
							<height>30</height>
							<texture border="0,2,0,2">MenuItemNF.png</texture>
						</control>
						<control type="image">
							<left>0</left>
							<top>0</top>
							<width>700</width>
							<height>30</height>
							<texture border="0,2,0,2">MenuItemFO.png</texture>
							<visible>Control.HasFocus(600)</visible>
							<include>VisibleFadeEffect</include>
						</control>
						<control type="image">
							<left>500</left>
							<top>0</top>
							<width>190</width>
							<height>30</height>
							<texture border="0,0,14,0">MediaItemDetailBG.png</texture>
							<visible>Control.HasFocus(600)</visible>
						</control>
						<control type="label">
							<width>145</width>
							<height>30</height>
							<font>font12_title</font>
							<align>left</align>
							<label>$INFO[ListItem.Property(airdate)]</label>
						</control>
						<control type="label">
							<visible>IsEmpty(Window.Property(recording))</visible>
							<posx>150</posx>
							<width>320</width>
							<height>30</height>
							<font>font12</font>
							<align>left</align>
							<label>$INFO[ListItem.Property(title)]</label>
						</control>
						<control type="label">
							<visible>!IsEmpty(Window.Property(recording))</visible>
							<posx>150</posx>
							<width>320</width>
							<height>30</height>
							<font>font12</font>
							<align>left</align>
							<label>[YELLOW]$INFO[ListItem.Property(title)][/YELLOW]</label>
						</control>
						<control type="label">
							<visible>IsEmpty(Window.Property(recording))</visible>
							<posx>475</posx>
							<width>240</width>
							<height>30</height>
							<font>font12</font>
							<align>left</align>
							<label>$INFO[ListItem.Property(start)] ($INFO[ListItem.Property(duration)] $ADDON[script.kodi.knewc 30029])</label>
						</control>
						<control type="label">
							<visible>!IsEmpty(Window.Property(recording))</visible>
							<posx>475</posx>
							<width>240</width>
							<height>30</height>
							<font>font12</font>
							<align>left</align>
							<label>[YELLOW]$INFO[ListItem.Property(start)] ($INFO[ListItem.Property(duration)] $ADDON[script.kodi.knewc 30029])[/YELLOW]</label>
						</control>
					</focusedlayout>
				</control>
				<control type="scrollbar" id="6000">
					<visible>Control.IsVisible(600)</visible>
					<posx>690</posx>
					<posy>70</posy>
					<width>25</width>
					<height>490</height>
					<texturesliderbackground border="10,14,10,14">ScrollBarV.png</texturesliderbackground>
					<texturesliderbar border="10,14,10,14">ScrollBarV_bar.png</texturesliderbar>
					<texturesliderbarfocus border="10,14,10,14">ScrollBarV_bar_focus.png</texturesliderbarfocus>
					<textureslidernib>ScrollBarNib.png</textureslidernib>
					<textureslidernibfocus>ScrollBarNib.png</textureslidernibfocus>
					<onleft>600</onleft>
					<onright>2000</onright>
					<showonepage>false</showonepage>
					<orientation>vertical</orientation>
				</control>
				<control type="group">
					<animation effect="slide" end="0,-1000" time="0">WindowOpen</animation>
					<animation effect="slide" end="0,1000" time="0" condition="Control.HasFocus(600)">Conditional</animation>
					<animation effect="slide" end="0,-1000" time="0">WindowClose</animation>
					<posx>775</posx>
					<posy>0</posy>
					<control type="label">
						<description>Show Title</description>
						<width>355</width>
						<height>30</height>
						<font>font13_title</font>
						<align>left</align>
						<label>$INFO[Container(600).ListItem.Property(title)]</label>
						<scroll>true</scroll>
						<scrollspeed>30</scrollspeed>
					</control>
					<control type="textbox">
						<posy>25</posy>
						<posx>0</posx>
						<width>355</width>
						<height>50</height>
						<font>font12</font>
						<align>left</align>
						<label>$INFO[Container(600).ListItem.Property(episode)]</label>
						<scroll>true</scroll>
						<wrapmultiline>true</wrapmultiline>
						<autoscroll time="2000" delay="10000" repeat="5000"></autoscroll>
					</control>
					<control type="group">
						<animation effect="slide" start="0,0" end="0,30" time="0" condition="!IsEmpty(Container(600).ListItem.Property(episode))">Conditional</animation>
						<control type="group">
							<posy>55</posy>
							<control type="label">
								<description>Channel</description>
								<posx>0</posx>
								<width>95</width>
								<height>25</height>
								<font>font12_title</font>
								<align>left</align>
								<label>$ADDON[script.kodi.knewc 30012]:</label>
							</control>
							<control type="label">
								<posx>100</posx>
								<width>255</width>
								<height>25</height>
								<font>font12</font>
								<align>left</align>
								<label>$INFO[Container(600).ListItem.Property(channel)]</label>
							</control>
						</control>
						<control type="group">
							<posy>80</posy>
							<control type="label">
								<description>Date</description>
								<posx>0</posx>
								<width>95</width>
								<height>25</height>
								<font>font12_title</font>
								<align>left</align>
								<label>$ADDON[script.kodi.knewc 30009]:</label>
							</control>
							<control type="label">
								<posx>100</posx>
								<width>255</width>
								<height>25</height>
								<font>font12</font>
								<align>left</align>
								<label>$INFO[Container(600).ListItem.Property(airdate_long)], $INFO[Container(600).ListItem.Property(start)]</label>
							</control>
						</control>
						<control type="group">
							<posy>105</posy>
							<control type="label">
								<description>Duration</description>
								<posx>0</posx>
								<width>95</width>
								<height>25</height>
								<font>font12_title</font>
								<align>left</align>
								<label>$ADDON[script.kodi.knewc 30056]:</label>
							</control>
							<control type="label">
								<posx>100</posx>
								<width>255</width>
								<height>25</height>
								<font>font12</font>
								<align>left</align>
								<label>$INFO[Container(600).ListItem.Property(duration)] $ADDON[script.kodi.knewc 30029]</label>
							</control>
						</control>
						<control type="group">
							<posy>130</posy>
							<control type="label">
								<description>Description</description>
								<posx>0</posx>
								<width>355</width>
								<height>25</height>
								<font>font12_title</font>
								<align>left</align>
								<label>$ADDON[script.kodi.knewc 30041]</label>
							</control>
							<control type="textbox">
								<visible>!IsEmpty(Container(600).ListItem.Property(description))</visible>
								<posx>0</posx>
								<posy>20</posy>
								<width>355</width>
								<height>455</height>
								<font>font12</font>
								<align>left</align>
								<label>$INFO[Container(600).ListItem.Property(description)]</label>
								<scroll>true</scroll>
								<wrapmultiline>true</wrapmultiline>
								<autoscroll time="2000" delay="10000" repeat="5000"></autoscroll>
							</control>
							<control type="textbox">
								<visible>IsEmpty(Container(600).ListItem.Property(description))</visible>
								<posx>0</posx>
								<posy>20</posy>
								<width>355</width>
								<height>455</height>
								<font>font12</font>
								<align>left</align>
								<label>$ADDON[script.kodi.knewc 30045].</label>
								<scroll>true</scroll>
								<wrapmultiline>true</wrapmultiline>
								<autoscroll time="2000" delay="10000" repeat="5000"></autoscroll>
							</control>
						</control>
					</control>
				</control>
<!-- ############ End Search Content ############ -->
			</control>
<!-- ############ End Search Table ############ -->
		</control>
<!-- ############ Begin Page Count ############ -->
		<control type="group">
			<animation effect="slide" start="0,0" end="-90,0" time="0" condition="system.getbool(input.enablemouse)">Conditional</animation>
			<control type="label">
				<description>Page Count Label</description>
				<right>40</right>
				<top>53r</top>
				<width>500</width>
				<height>20</height>
				<font>font12</font>
				<textcolor>grey</textcolor>
				<scroll>false</scroll>
				<align>right</align>
				<aligny>center</aligny>
				<label>$INFO[Container(600).NumItems,([COLOR=blue],[/COLOR]) $LOCALIZE[31025]]$INFO[Container(600).CurrentPage, - $LOCALIZE[31024] ([COLOR=blue]]$INFO[Container(600).NumPages,/,[/COLOR])]</label>
				<include>Window_OpenClose_Animation</include>
			</control>
		</control>
<!-- ############ End Page Count ############ -->
<!-- ############ Begin Navigation Buttons ############ -->
        <control type="group">
        	<left>-250</left>
			<animation effect="slide" start="0,0" end="250,0" time="400" tween="quadratic" easing="out" condition="ControlGroup(2000).HasFocus | Control.HasFocus(2001) | Control.HasFocus(1999)">Conditional</animation>
			<animation effect="slide" start="0,0" end="-300,0" time="400" tween="quadratic" easing="out" condition="ControlGroup(2000).HasFocus | Control.HasFocus(2001)">WindowClose</animation>
			<animation effect="slide" start="0,0" end="-50,0" time="300" tween="quadratic" easing="out" condition="![ControlGroup(2000).HasFocus | Control.HasFocus(2001)]">WindowClose</animation>
			<animation effect="slide" start="-50,0" end="0,0" time="300" tween="quadratic" easing="out">WindowOpen</animation>
			<control type="button" id="1999">
				<description>Fake button for mouse control</description>
				<left>0</left>
				<top>0</top>
				<width>250</width>
				<height>720</height>
				<label>-</label>
				<font>-</font>
				<texturenofocus>-</texturenofocus>
				<texturefocus>-</texturefocus>
				<visible>true</visible>
			</control>
			<control type="button" id="2001">
				<left>250</left>
				<top>260</top>
				<width>42</width>
				<height>128</height>
				<font>-</font>
				<texturefocus>HasSub.png</texturefocus>
				<texturenofocus>HasSub.png</texturenofocus>
			</control>
			<control type="image">
				<left>0</left>
				<top>0</top>
				<width>260</width>
				<height>720</height>
				<texture border="0,0,10,0">MediaBladeSub.png</texture>
			</control>
			<control type="image">
				<description>LOGO</description>
				<left>15</left>
				<top>0</top>
				<width>220</width>
				<height>80</height>
				<aspectratio>keep</aspectratio>
				<texture>Confluence_Logo.png</texture>
			</control>
			<control type="grouplist" id="2000">
				<left>0</left>
				<top>60</top>
				<width>250</width>
				<height>600</height>
				<onup>270</onup>
				<ondown>251</ondown>
				<onleft>-</onleft>
				<onright>600</onright>
				<itemgap>0</itemgap>
				<control type="label" id="200">
					<description>NextPVR Options</description>
					<width>250</width>
					<height>35</height>
					<font>font12</font>
					<label>$ADDON[script.kodi.knewc 30000] $ADDON[script.kodi.knewc 30018]</label>
					<textcolor>blue</textcolor>
					<align>center</align>
					<aligny>center</aligny>
				</control>
				<control type="button" id="250">
					<description>Search</description>
					<label>$ADDON[script.kodi.knewc 30023]...</label>
					<left>0</left>
					<top>0</top>
					<textwidth>235</textwidth>
					<include>ButtonCommonValues</include>
					<enable>!substring(Window.Property(busy),true)+!substring(Window.Property(offline),true)</enable>
				</control>
				<control type="button" id="251">
					<description>Filter</description>
					<label>$ADDON[script.kodi.knewc 32007]: $ADDON[script.kodi.knewc 30011]</label>
					<left>0</left>
					<top>0</top>
					<textwidth>235</textwidth>
					<include>ButtonCommonValues</include>
					<enable>!substring(Window.Property(busy),true)+!substring(Window.Property(offline),true)</enable>
				</control>
				<control type="button" id="270">
					<description>Fullscreen</description>
					<label>$ADDON[script.kodi.knewc 30044]</label>
					<left>0</left>
					<top>0</top>
					<textwidth>235</textwidth>
					<include>ButtonCommonValues</include>
					<onclick>fullscreen</onclick>
					<enable>!substring(Window.Property(busy),true)</enable>
					<visible>Player.HasVideo</visible>
				</control>
			</control>
		</control>
<!-- ############ End Navigation Buttons ############ -->
<!-- ############ Begin Busy Indicator ############ -->
		<control type="group">
			<animation effect="fade" time="100">WindowOpen</animation>
			<animation effect="fade" time="200">WindowClose</animation>
			<visible>substring(Window.Property(busy),true)</visible>
			<left>1070</left>
			<top>640</top>
			<control type="image">
				<description>background image</description>
				<left>0</left>
				<top>0</top>
				<width>200</width>
				<height>70</height>
				<texture border="20">OverlayDialogBackground.png</texture>
			</control>
			<control type="image">
				<description>Busy animation</description>
				<left>20</left>
				<top>20</top>
				<width>32</width>
				<height>32</height>
				<texture>busy.png</texture>
				<aspectratio>keep</aspectratio>
				<animation effect="rotate" start="0" end="360" center="36,36" time="1200" loop="true" condition="true">conditional</animation>
			</control>
			<control type="label">
				<description>Busy label</description>
				<left>60</left>
				<top>20</top>
				<width>120</width>
				<height>32</height>
				<align>left</align>
				<aligny>center</aligny>
				<label>$LOCALIZE[31004]</label>
				<font>font12</font>
			</control>
		</control>
<!-- ############ End Busy Indicator ############ -->
	</controls>
</window>
