<?xml version="1.0" encoding="UTF-8" standalone="yes"?>
<addon id="repository.nextpvr.kodi-plugins" name="NextPVR Add-on Repository" version="1.0.8" provider-name="github">
    <extension point="xbmc.addon.repository" name="NextPVR Add-on Repository">
        <dir>
            <info compressed="true">https://raw.githubusercontent.com/emveepee/X-NEWA/master/repo/addons.xml</info>
            <checksum>https://raw.githubusercontent.com/emveepee/X-NEWA/master/repo/addons.xml.md5</checksum>
            <datadir zip="true">https://raw.githubusercontent.com/emveepee/X-NEWA/master/repo/</datadir>
        </dir>
    </extension>
    <extension point="xbmc.addon.metadata">
        <summary>Install Add-ons from NextPVR Add-on Repository</summary>
        <description>Integrating Kodi and NextPVR</description>
        <disclaimer></disclaimer>
        <platform>all</platform>
    </extension>
</addon>
