<window>
	<id>3004</id>
	<defaultcontrol>999</defaultcontrol>
	<type>window</type>
	<coordinates>
		<system>1</system>
		<left>0</left>
		<top>0</top>
	</coordinates>
	<controls>
<!-- ############ Begin Background ############ -->
		<include>DefaultBackground</include>
		<include content="ContentPanel">
			<param name="width" value="730" />
		</include>
		<include content="TopBar">
			<param name="breadcrumbs_label" value="$ADDON[script.xbmc.x-newa 30000]" />
            <param name="sublabel" value="$ADDON[script.xbmc.x-newa 30023] $INFO[Container(600).CurrentItem,, / ]$INFO[Container(600).NumItems]" />
		</include>
		<include content="BottomBar">
			<param name="info_visible" value="true" />
		</include>
<!-- ############ End Background ############ -->
		<control type="group">
			<description>Content Group</description>
<!-- ############ Begin Upcoming Recordings Table ############ -->
			<control type="group">
				<top>167</top>
				<left>0</left>
<!-- ############ Begin Search Header ############ -->
				<control type="group">
					<description>Header for list of shows</description>
                    <left>700</left>
					<aligny>center</aligny>
					<control type="label">
						<description>Air Date</description>
						<width>250</width>
						<font>font13_title</font>
						<align>left</align>
						<label>$ADDON[script.xbmc.x-newa 30009]</label>
					</control>
					<control type="label">
						<description>Title</description>
						<left>280</left>
						<width>400</width>
						<font>font13_title</font>
						<align>left</align>
						<label>$ADDON[script.xbmc.x-newa 30011]</label>
					</control>
					<control type="label">
						<description>Start Time</description>
						<left>770</left>
						<width>300</width>
						<font>font13_title</font>
						<align>left</align>
						<label>$ADDON[script.xbmc.x-newa 30028]</label>
					</control>
				</control>
<!-- ############ End Search Header ############ -->
<!-- ############ Begin Search Content ############ -->
				<control type="list" id="600">
					<top>78</top>
					<width>1300</width>
					<height>636</height>
					<onleft>9000</onleft>
					<onright>6000</onright>
					<onup>600</onup>
					<ondown>600</ondown>
					<viewtype label="535">list</viewtype>
					<pagecontrol>6000</pagecontrol>
					<scrolltime>0</scrolltime>
					<preloaditems>10</preloaditems>
                    <left>670</left>
					<itemlayout height="54">
						<control type="label">
							<left>30</left>
							<width>247</width>
							<aligny>center</aligny>
							<align>left</align>
							<label>$INFO[ListItem.Property(airdate)]</label>
							<scroll>true</scroll>
							<scrollspeed>30</scrollspeed>
						</control>
						<control type="label">
							<left>310</left>
							<width>400</width>
							<aligny>center</aligny>
							<align>left</align>
							<label>$INFO[ListItem.Property(title)]</label>
						</control>
						<control type="label">
							<left>800</left>
							<width>297</width>
							<aligny>center</aligny>
							<align>left</align>
							<label>$INFO[ListItem.Property(start)] ($INFO[ListItem.Property(duration)] $ADDON[script.xbmc.x-newa 30029])</label>
						</control>
					</itemlayout>
					<focusedlayout height="54">
						<control type="image">
    	                    <left>0</left>
        	                <top>2</top>
							<width>1250</width>
            	            <visible>Control.HasFocus(600)</visible>
                	        <texture colordiffuse="button_focus">lists/focus.png</texture>
		                </control>
						<control type="label">
							<left>30</left>
							<width>247</width>
							<aligny>center</aligny>
							<align>left</align>
							<label>$INFO[ListItem.Property(airdate)]</label>
							<scroll>true</scroll>
							<scrollspeed>30</scrollspeed>
						</control>
						<control type="label">
							<left>310</left>
							<width>400</width>
							<aligny>center</aligny>
							<align>left</align>
							<label>$INFO[ListItem.Property(title)]</label>
						</control>
						<control type="label">
							<left>800</left>
							<width>297</width>
							<aligny>center</aligny>
							<align>left</align>
							<label>$INFO[ListItem.Property(start)] ($INFO[ListItem.Property(duration)] $ADDON[script.xbmc.x-newa 30029])</label>
						</control>
					</focusedlayout>
				</control>
				<control type="scrollbar" id="6000">
					<left>1905</left>
					<top>80</top>
					<width>15</width>
					<height>631</height>
					<onleft>600</onleft>
					<onright>600</onright>
					<orientation>vertical</orientation>
				</control>
				<control type="group">
					<visible>Control.HasFocus(600)</visible>
					<left>50</left>
					<top>42</top>
					<control type="label">
						<description>Show Title</description>
						<width>600</width>
						<font>font13_title</font>
						<align>left</align>
						<label>$INFO[Container(600).ListItem.Property(title)]</label>
						<scroll>true</scroll>
						<scrollspeed>30</scrollspeed>
					</control>
					<control type="label">
						<top>35</top>
						<left>0</left>
						<width>600</width>
						<font>font12</font>
						<align>left</align>
						<label>$INFO[Container(600).ListItem.Property(episode)]</label>
						<scroll>true</scroll>
						<autoscroll time="2000" delay="10000" repeat="5000"></autoscroll>
					</control>
					<control type="group">
						<animation effect="slide" start="0,0" end="0,30" time="0" condition="!IsEmpty(Container(600).ListItem.Property(episode))">Conditional</animation>
						<control type="group">
							<top>55</top>
							<control type="label">
								<description>Status</description>
								<left>0</left>
								<width>140</width>
								<font>font12_title</font>
								<align>left</align>
								<label>$ADDON[script.xbmc.x-newa 30013]:</label>
							</control>
							<control type="label">
								<top>5</top>
								<left>150</left>
								<width>475</width>
								<font>font12</font>
								<align>left</align>
								<label>$INFO[Container(600).ListItem.Property(status)]</label>
							</control>
						</control>
						<control type="group">
							<top>80</top>
							<control type="label">
								<description>Channel</description>
								<left>0</left>
								<width>140</width>
								<font>font12_title</font>
								<align>left</align>
								<label>$ADDON[script.xbmc.x-newa 30012]:</label>
							</control>
							<control type="label">
								<top>5</top>
								<left>150</left>
								<width>475</width>
								<font>font12</font>
								<align>left</align>
								<label>$INFO[Container(600).ListItem.Property(channel)]</label>
							</control>
						</control>
						<control type="group">
							<top>105</top>
							<control type="label">
								<description>Date</description>
								<width>140</width>
								<font>font12_title</font>
								<align>left</align>
								<label>$ADDON[script.xbmc.x-newa 30009]:</label>
							</control>
							<control type="label">
								<top>7</top>
								<left>150</left>
								<width>475</width>
								<height>25</height>
								<font>font12</font>
								<align>left</align>
								<label>$INFO[Container(600).ListItem.Property(airdate_long)], $INFO[Container(600).ListItem.Property(start)]</label>
							</control>
						</control>
						<control type="group">
							<top>130</top>
							<control type="label">
								<description>Duration</description>
								<width>145</width>
								<font>font12_title</font>
								<align>left</align>
								<label>$ADDON[script.xbmc.x-newa 30056]:</label>
							</control>
							<control type="label">
								<top>7</top>
								<left>150</left>
								<width>475</width>
								<height>25</height>
								<font>font12</font>
								<align>left</align>
								<label>$INFO[Container(600).ListItem.Property(duration)] $ADDON[script.xbmc.x-newa 30029]</label>
							</control>
						</control>
						<control type="group">
							<top>185</top>
							<control type="label">
								<description>Description</description>
								<width>600</width>
								<font>font12_title</font>
								<align>left</align>
								<label>$ADDON[script.xbmc.x-newa 30041]</label>
							</control>
							<control type="textbox">
								<visible>!IsEmpty(Container(600).ListItem.Property(description))</visible>
								<top>35</top>
								<width>600</width>
								<height>430</height>
								<font>font12</font>
								<align>left</align>
								<label>$INFO[Container(600).ListItem.Property(description)]</label>
								<scroll>true</scroll>
								<wrapmultiline>true</wrapmultiline>
								<autoscroll time="2000" delay="10000" repeat="5000"></autoscroll>
							</control>
							<control type="textbox">
								<visible>IsEmpty(Container(600).ListItem.Property(description))</visible>
								<left>0</left>
								<top>28</top>
								<width>600</width>
								<height>430</height>
								<font>font12</font>
								<align>left</align>
								<label>$ADDON[script.xbmc.x-newa 30045].</label>
								<scroll>true</scroll>
								<wrapmultiline>true</wrapmultiline>
								<autoscroll time="2000" delay="10000" repeat="5000"></autoscroll>
							</control>
						</control>
					</control>
				</control>
<!-- ############ End Search Content ############ -->
			</control>
<!-- ############ End Search Table ############ -->
		</control>
<!-- ############ Begin Navigation Buttons ############ -->
		<include>MediaMenuMouseOverlay</include>
		<control type="group">
			<include>MediaMenuCommon</include>
			<control type="grouplist" id="9000">
				<top>90</top>
				<onup>270</onup>
				<ondown>250</ondown>
				<onleft>-</onleft>
				<onright>999</onright>
				<control type="label" id="200">
					<description>NextPVR Options</description>
					<include>MediaMenuLabelCommon</include>
					<label>$ADDON[script.xbmc.x-newa 30000] $ADDON[script.xbmc.x-newa 30018]</label>
				</control>
				<control type="button" id="250">
					<description>Search</description>
					<include>MediaMenuItemsCommon</include>
					<label>$ADDON[script.xbmc.x-newa 30023]...</label>
					<enable>!string.contains(Window.Property(busy),true)+!string.contains(Window.Property(offline),true)</enable>
				</control>
				<control type="button" id="251">
					<description>Filter</description>
					<include>MediaMenuItemsCommon</include>
					<label>$ADDON[script.xbmc.x-newa 32007]: $ADDON[script.xbmc.x-newa 30011]</label>
					<enable>!string.contains(Window.Property(busy),true)+!string.contains(Window.Property(offline),true)</enable>
				</control>
				<control type="button" id="270">
					<description>Fullscreen</description>
					<include>MediaMenuItemsCommon</include>
					<label>$ADDON[script.xbmc.x-newa 30044]</label>
					<onclick>fullscreen</onclick>
					<enable>!string.contains(Window.Property(busy),true)</enable>
					<visible>Player.HasVideo</visible>
				</control>
			</control>			
		</control>
		<control type="button" id="999">
			<description>Fake button for initial focus</description>
			<left>1280</left>
			<top>720</top>
			<width>1</width>
			<height>1</height>
			<label>-</label>
			<font>-</font>
			<onleft>9000</onleft>
			<onright>600</onright>
			<onup>600</onup>
			<ondown>600</ondown>
            <texturenofocus>-</texturenofocus>
			<texturefocus>-</texturefocus>
			<visible>true</visible>
		</control>
<!-- ############ End Navigation Buttons ############ -->

<!-- ############ Begin Busy Indicator ############ -->

	</controls>
</window>
