<?xml version="1.0" encoding="UTF-8" standalone="yes"?>
<addon id="script.xbmc.x-newa" name="X-NEWA" version="2.5.4" provider-name="emveepee">
    <requires>                                               1
        <import addon="xbmc.python" version="2.1.0"/>
    </requires>
    <extension point="xbmc.python.script" library="default.py">
    </extension>
    <!--extension point="xbmc.service" library="default.py"  start="startup"></extension-->
    <extension point="xbmc.addon.metadata">
        <platform>all</platform>
        <minversion>28764</minversion>
        <summary lang="en">X-NEWA python script to access NextPVR using NEWA web services</summary>
        <description lang="en">Supplement NextPVR PVR Addon with additional functionality </description>
    </extension>
</addon>
