<window>
  <id>3000</id>
  <defaultcontrol>250</defaultcontrol>
  <type>window</type>
  <coordinates>
    <system>1</system>
    <posx>0</posx>
    <posy>0</posy>
  </coordinates>

  <controls>

    <!-- ============================================= -->
    <!--   S C R E E N       B A C K G R O U N D       -->
    <!-- ============================================= -->

    <!-- Copy of CommonBackground -->
    <control type="image">
      <description>background image</description>
      <posx>0</posx>
      <posy>0</posy>
      <width>1280</width>
      <height>720</height>
      <texture>bg.png</texture>
    </control>

    <control type="group">
        <description>Content Group</description>
        <!-- Copy Window_OpenClose_Right_Panel_Animation -->
        <animation effect="fade" time="200" condition="Skin.HasSetting(Animate_Skin)">WindowOpen</animation>
        <animation effect="fade" time="200" condition="Skin.HasSetting(Animate_Skin)">WindowClose</animation>
        <animation effect="slide" start="1030,0" end="0,0" time="300" tween="quadratic" easing="out" condition="!Skin.HasSetting(Animate_Skin)">WindowOpen</animation>
        <animation effect="slide" end="1030,0" start="0,0" time="300" tween="quadratic" easing="out" condition="!Skin.HasSetting(Animate_Skin)">WindowClose</animation>

        <!-- ============================================= -->
        <!--   C O N T E N T     B A C K G R O U N D       -->
        <!-- ============================================= -->

        <!-- Copy of ContentPanel -->
        <control type="image">
            <posx>265</posx>
            <posy>110</posy>
            <width>1015</width>
            <height>580</height>
            <texture border="50,0,0,45">vpanel1.png</texture>
        </control>

        <!-- ============================================= -->
        <!--            L A B E L S   C O L U M N          -->
        <!-- ============================================= -->
        <control type="grouplist" id="3000">
            <description>Column of text labels</description>
            <posx>320</posx>
            <posy>135</posy>
            <itemgap>32</itemgap>
            <control type="label"><description>title</description><label>$ADDON[script.kodi.knewc 30011]</label></control>
            <control type="label"><description>air date</description><label>$ADDON[script.kodi.knewc 30009]</label></control>
            <control type="label"><description>channel</description><label>$ADDON[script.kodi.knewc 30012]</label></control>
            <control type="label"><description>episode</description><label>$ADDON[script.kodi.knewc 30040]</label></control>
            <!--
            <control type="label"><description>category</description><label>SCRIPT614</label></control>
            -->
            <control type="label"><description>description</description><label>$ADDON[script.kodi.knewc 30041]</label></control>
        </control>

        <!-- ============================================= -->
        <!--        D E T A I L S  C O L U M N             -->
        <!-- ============================================= -->
        <control type="grouplist" id="4000">
            <description>Column of Show Details</description>
            <posx>475</posx>
            <posy>135</posy>
            <itemgap>32</itemgap>

            <control type="label" id="303">
                <description>Title Label</description>
                <width>750</width>
                <align>left</align>
                <font>font20</font>
                <texturefocus>-</texturefocus>
                <texturenofocus>-</texturenofocus>
                <info>Window.Property('title')</info>
                <scroll>auto</scroll>
            </control>
            <control type="label">
                <description>Air Date</description>
                <textcolor>0xffddddff</textcolor>
                <label>$INFO[Control.GetLabel(316)] $INFO[Control.GetLabel(314)] - $INFO[Control.GetLabel(315)] ($INFO[Control.GetLabel(318)] $ADDON[script.kodi.knewc 30029])</label>
            </control>

            <control type="label" id="304">
                <description>Channel Label</description>
                <align>left</align>
                <texturefocus>-</texturefocus>
                <texturenofocus>-</texturenofocus>
                <label>$INFO[Window.Property(channel)]</label>
            </control>

            <control type="label" id="310">
                <description>subtitle</description>
                <width>750</width>
                <scrollout>false</scrollout>
                <pauseatend>500</pauseatend>
                <textcolor>0xffddddff</textcolor>
                <info>Window.Property(subtitle)</info>
            </control>

            <control type="textbox" id="311">
                <description>Show desc</description>
                <width>750</width>
                <height>90</height>
                <align>left</align>
                <scrollout>false</scrollout>
                <pauseatend>500</pauseatend>
                <textcolor>0xffddddff</textcolor>
                <info>Window.Property(description)</info>
            </control>

            <!--
            <control type="label" id="4005">
                <description>Category</description>
                <textcolor>0xffddddff</textcolor>
                <info>Window.Property(category)</info>
                <visible>false</visible>
            </control>
            -->
            <control type="label" id="4006">
                <description>Episode</description>
                <textcolor>0xffddddff</textcolor>
                <info>Window.Property(episode)</info>
            </control>
        </control>

        <control type="grouplist" id="4001">
            <description>Column of Show Details</description>
            <posx>1030</posx>
            <posy>135</posy>
            <itemgap>32</itemgap>
            <control type="label"><label>-</label></control>
            <control type="label"><label>-</label></control>
            <control type="label" id="4006">
                <description>Orig. Air Date</description>
                <textcolor>0xffddddff</textcolor>
                <info>Window.Property(originalAirDate)</info>
            </control>
            <control type="label" id="4007">
                <description>Size</description>
                <textcolor>0xffddddff</textcolor>
                <info>Window.Property(fileSize)</info>
            </control>
            <control type="label" id="4008">
                <description>Comm Breaks</description>
                <textcolor>0xffddddff</textcolor>
                <info>Window.Property(commBreaks)</info>
            </control>
        </control>

        <!-- ============================================= -->
        <!--        T H U M B N A I L                      -->
        <!-- ============================================= -->
        <control type="image" id="4010">
            <description>Preview shadow</description>
            <posx>295</posx>
            <posy>287</posy>
            <width>625</width>
            <height>380</height>
            <texture background="false" border="40">-</texture>
            <info>Window.Property(thumbnailShadow)</info>
            <visible>!Player.HasVideo</visible>
        </control>

        <control type="image" id="305">
            <description>Channel Image</description>
            <posx>210r</posx>
            <posy>120</posy>
            <width>200</width>
            <height>110</height>
            <texture background="false">-</texture>
            <!--info>Window.Property(thumbnail)</info-->
            <aspectratio>fill</aspectratio>
            <fadetime>400</fadetime>
        </control>

        <control type="image" id="302">
            <description>Preview Thumbnail</description>
            <posx>20</posx>
            <posy>350</posy>
            <width>240</width>
            <height>300</height>
            <texture background="false">-</texture>
            <!--info>Window.Property(thumbnail)</info-->
            <aspectratio>fill</aspectratio>
            <fadetime>400</fadetime>
            <visible>!Player.HasVideo</visible>
        </control>
        <control type="videowindow" id="4011">
            <posx>320</posx>
            <posy>320</posy>
            <width>568</width>
            <height>320</height>
            <visible>Player.HasVideo</visible>
        </control>

    </control>


    <!-- ============================================= -->
    <!--        H E A D E R                            -->
    <!-- ============================================= -->
    <control type="image">
      <description>Header Panel</description>
      <posx>0</posx>
      <posy>0</posy>
      <width>1280</width>
      <height>128</height>
      <texture>mb-header.png</texture>
    </control>

    <control type="image">
        <posx>35</posx>
        <posy>20</posy>
        <width>460</width>
        <height>85</height>
        <texture>NextPVR.png</texture>
        <aspectratio align="left">keep</aspectratio>
        <animation effect="fade" time="200">WindowOpen</animation>
        <animation effect="fade" time="200">WindowClose</animation>
    </control>

    <control type="label">
      <description>Dialog Heading</description>
      <posx>70r</posx>
      <posy>25</posy>
      <width>400</width>
      <height>35</height>
      <align>right</align>
      <aligny>center</aligny>
      <textcolor>ffffffff</textcolor>
      <info>Window.Property(heading)</info>
      <label>Details</label>
      <animation effect="fade" time="200">WindowOpen</animation>
      <animation effect="fade" time="200">WindowClose</animation>
    </control>

    <control type="label">
      <description>date/time label</description>
      <posx>70r</posx>
      <posy>65</posy>
      <width>450</width>
      <height>35</height>
      <align>right</align>
      <aligny>center</aligny>
      <font>font12</font>
      <textcolor>ffffffff</textcolor>
      <label>$INFO[System.Date] [COLOR=88FFFFFF] |  $INFO[System.Time][/COLOR]</label>
      <animation effect="fade" time="200">WindowOpen</animation>
      <animation effect="fade" time="200">WindowClose</animation>
    </control>

    <!-- ============================================= -->
    <!--  N A V     B U T T O N S                      -->
    <!-- ============================================= -->
    <control type="grouplist" id="2000">
        <description>Buttons</description>
        <posx>0</posx>
        <posy>122</posy>
        <width>280</width>
        <itemgap>1</itemgap>
        <onup>2000</onup>
        <ondown>2000</ondown>

        <!-- Copy of include Window_OpenClose_Left_Panel_Animation -->
        <animation effect="fade" time="200" condition="Skin.HasSetting(Animate_Skin)">WindowOpen</animation>
        <animation effect="fade" time="200" condition="Skin.HasSetting(Animate_Skin)">WindowClose</animation>
        <animation effect="slide" start="-400,0" end="0,0" time="300" tween="quadratic" easing="out" condition="!Skin.HasSetting(Animate_Skin)">WindowOpen</animation>
        <animation effect="slide" end="-400,0" start="0,0" time="300" tween="quadratic" easing="out" condition="!Skin.HasSetting(Animate_Skin)">WindowClose</animation>


        <control type="button" id="253">
            <description>Close button</description>
            <height>60</height>
            <label>$ADDON[script.kodi.knewc 30031]</label>
            <textcolor name="white">FFFFFFFF</textcolor>
            <focusedcolor name="white">FFFFFFFF</focusedcolor>
            <align>left</align>
            <textoffsetx>40</textoffsetx>
            <texturefocus>button_focus.png</texturefocus>
            <texturenofocus>button_nofocus.png</texturenofocus>
            <pulseonselect>true</pulseonselect>
            <!--onup>252</onup>
            <ondown>254</ondown-->
        </control>
        <control type="button" id="258">
            <description>Resume button</description>
            <height>60</height>
            <label>$ADDON[script.kodi.knewc 30032]</label>
            <textcolor name="white">FFFFFFFF</textcolor>
            <focusedcolor name="white">FFFFFFFF</focusedcolor>
            <align>left</align>
            <textoffsetx>40</textoffsetx>
            <texturefocus>button_focus.png</texturefocus>
            <texturenofocus>button_nofocus.png</texturenofocus>
            <pulseonselect>true</pulseonselect>
            <!--onup>253</onup>
            <ondown>251</ondown-->
        </control>
        <control type="button" id="259">
            <description>Unwatch button</description>
            <height>60</height>
            <label>$ADDON[script.kodi.knewc 30033]</label>
            <textcolor name="white">FFFFFFFF</textcolor>
            <focusedcolor name="white">FFFFFFFF</focusedcolor>
            <align>left</align>
            <textoffsetx>40</textoffsetx>
            <texturefocus>button_focus.png</texturefocus>
            <texturenofocus>button_nofocus.png</texturenofocus>
            <pulseonselect>true</pulseonselect>
            <!--onup>253</onup>
            <ondown>251</ondown-->
        </control>
        <control type="button" id="252">
            <description>Quick Record button</description>
            <height>60</height>
            <label>$ADDON[script.kodi.knewc 30035] $ADDON[script.kodi.knewc 30034]</label>
            <textcolor name="white">FFFFFFFF</textcolor>
            <focusedcolor name="white">FFFFFFFF</focusedcolor>
            <align>left</align>
            <textoffsetx>40</textoffsetx>
            <texturefocus>button_focus.png</texturefocus>
            <texturenofocus>button_nofocus.png</texturenofocus>
            <pulseonselect>true</pulseonselect>
        </control>
        <control type="button" id="260">
            <description>Record button</description>
            <height>60</height>
            <label>$ADDON[script.kodi.knewc 30034]</label>
            <textcolor name="white">FFFFFFFF</textcolor>
            <focusedcolor name="white">FFFFFFFF</focusedcolor>
            <align>left</align>
            <textoffsetx>40</textoffsetx>
            <texturefocus>button_focus.png</texturefocus>
            <texturenofocus>button_nofocus.png</texturenofocus>
            <pulseonselect>true</pulseonselect>
        </control>
        <control type="button" id="254">
            <description>Play button</description>
            <height>60</height>
            <label>$ADDON[script.kodi.knewc 30036]</label>
            <textcolor name="white">FFFFFFFF</textcolor>
            <focusedcolor name="white">FFFFFFFF</focusedcolor>
            <align>left</align>
            <textoffsetx>40</textoffsetx>
            <texturefocus>button_focus.png</texturefocus>
            <texturenofocus>button_nofocus.png</texturenofocus>
            <pulseonselect>true</pulseonselect>
            <!--onup>253</onup>
            <ondown>251</ondown-->
        </control>


        <control type="button" id="251">
            <description>Delete button</description>
            <height>60</height>
            <label>$ADDON[script.kodi.knewc 30038]</label>
            <textcolor name="white">FFFFFFFF</textcolor>
            <focusedcolor name="white">FFFFFFFF</focusedcolor>
            <align>left</align>
            <textoffsetx>40</textoffsetx>
            <texturefocus>button_focus.png</texturefocus>
            <texturenofocus>button_nofocus.png</texturenofocus>
            <pulseonselect>true</pulseonselect>
            <!--onup>251</onup>
            <ondown>257</ondown-->
        </control>

        <control type="button" id="257">
            <description>Archive or Cancel button</description>
            <height>60</height>
            <label>$ADDON[script.kodi.knewc 30039]</label>
            <textcolor name="white">FFFFFFFF</textcolor>
            <focusedcolor name="white">FFFFFFFF</focusedcolor>
            <align>left</align>
            <textoffsetx>40</textoffsetx>
            <texturefocus>button_focus.png</texturefocus>
            <texturenofocus>button_nofocus.png</texturenofocus>
            <pulseonselect>true</pulseonselect>
            <onleft>300</onleft>
            <onright>300</onright>
            <onclick>SetFocus(300)</onclick>
            <!--onup>251</onup>
            <ondown>255</ondown-->
        </control>

        <control type="button" id="255">
            <description>Refresh button</description>
            <height>60</height>
            <label>$ADDON[script.kodi.knewc 30024]</label>
            <textcolor name="white">FFFFFFFF</textcolor>
            <focusedcolor name="white">FFFFFFFF</focusedcolor>
            <align>left</align>
            <textoffsetx>40</textoffsetx>
            <texturefocus>button_focus.png</texturefocus>
            <texturenofocus>button_nofocus.png</texturenofocus>
            <pulseonselect>true</pulseonselect>
            <!--onup>257</onup>
            <ondown>253</ondown-->
        </control>

    </control>

    <control type="group">
        <posx>60</posx>
        <posy>470</posy>
        <!-- Copy of include Window_OpenClose_Left_Panel_Animation -->
        <animation effect="fade" time="200" condition="Skin.HasSetting(Animate_Skin)">WindowOpen</animation>
        <animation effect="fade" time="200" condition="Skin.HasSetting(Animate_Skin)">WindowClose</animation>
        <animation effect="slide" start="-400,0" end="0,0" time="300" tween="quadratic" easing="out" condition="!Skin.HasSetting(Animate_Skin)">WindowOpen</animation>
        <animation effect="slide" end="-400,0" start="0,0" time="300" tween="quadratic" easing="out" condition="!Skin.HasSetting(Animate_Skin)">WindowClose</animation>

        <control type="image">
            <width>150</width>
            <height>150</height>
            <aspectratio>keep</aspectratio>
            <info>Window.Property(channelIcon)</info>
            <fadetime>400</fadetime>
        </control>
    </control>

    <control type="multiimage">
        <description>Busy animation</description>
        <posx>722</posx>
        <posy>340</posy>
        <width>100</width>
        <height>100</height>
        <imagepath>busy</imagepath>
        <timeperimage>50</timeperimage>
        <fadetime>0</fadetime>
        <visible>substring(Window.Property(busy),true) + !Player.HasVideo</visible>
        <animation effect="fade" time="250">VisibleChange</animation>
    </control>

    <control type="label">
        <posx>70r</posx>
        <posy>50r</posy>
        <width>200</width>
        <height>35</height>
        <align>right</align>
        <aligny>center</aligny>
        <font>font12</font>
        <textcolor>ffffffff</textcolor>
        <label>$INFO[Window.Property(recordingNofM)]</label>
        <animation effect="fade" time="200">WindowOpen</animation>
        <animation effect="fade" time="200">WindowClose</animation>
    </control>
<!-- ############ Begin Invisible but Required Controls ############ -->
		<control type="group">
			<visible>false</visible>
			<control type="label" id="309"></control>
			<control type="label" id="312"></control>
			<control type="label" id="313"></control>
			<control type="label" id="314"></control>
			<control type="label" id="315"></control>
			<control type="label" id="316"></control>
			<control type="label" id="317"></control>
			<control type="label" id="318"></control>
		</control>
<!-- ############ End Unused but Required Controls ############ -->

  </controls>

</window>
