
<window>
	<id>3008</id>
	<allowoverlays>true</allowoverlays>
	<type>window</type>
	<coordinates>
		<system>1</system>
		<left>0</left>
		<top>0</top>
	</coordinates>
    <onload>SetProperty(TouchButtonId,1302)</onload>
	<controls>
<!-- ############ Begin Background ############ -->
		<include>DefaultBackground</include>
		<include content="TopBar">
			<param name="breadcrumbs_label" value="$ADDON[script.kodi.knewc 30000]" />
			<param name="sublabel" value="$ADDON[script.kodi.knewc 30019]" />
		</include>
		<include content="BottomBar">
			<param name="info_visible" value="false" />
		</include>
<!-- ############ End Background ############ -->
<!-- ############ Begin EPG ############ -->
          <control type="image" id="12">
                <!-- Not a real control; just gives us location and dimensions for the timeline. -->
                <description>timeline</description>
                <posx>244</posx>
                <posy>90</posy>
                <width>1676</width>
                <height>75</height>
          </control>
          <control type="image">
                <left>280</left>
                <top>100</top>
                <width>1630</width>
                <height>750</height>
                <texture>lists/buttonmenu-separator.png</texture>
                <colordiffuse>B0FFFFFF</colordiffuse>
          </control>
		<control type="group" id="1300">
			<left>0</left>
			<top>110</top>
			<height>730</height>
			<animation effect="fade" time="200" start="100" end="50" condition="!Control.IsEnabled(1000)">conditional</animation>
			<control type="label" id="1310">
				<description>channel name control</description>
				<width>320</width>
				<visible>true</visible>
			</control>
		</control>
       <control type="button" id="1301">
              <description>up_arrow</description>
              <posx>30</posx>
              <posy>875</posy>
              <width>80</width>
              <height>50</height>
              <onright>1303</onright>
              <onleft>Menu</onleft>
			  <onclick>PageUp</onclick>
              <texturefocus>arrow_up_focus.png</texturefocus>
              <texturenofocus>arrow_up_nofocus.png</texturenofocus>
              <textcolor name="white">FFFFFFFF</textcolor>
              <focusedcolor name="white">FFFFFFFF</focusedcolor>
              <colordiffuse>button_focus</colordiffuse>
       </control>
       <control type="button" id="1303">
               <description>number_pad</description>
               <posx>120</posx>
               <posy>875</posy>
               <width>60</width>
               <height>50</height>
               <onleft>1301</onleft>
               <onright>1302</onright>
			   <onclick>Info</onclick>
               <textcolor name="white">FFFFFFFF</textcolor>
               <focusedcolor name="white">FFFFFFFF</focusedcolor>
               <texturefocus>dial_focus.png</texturefocus>
               <texturenofocus>dial_nofocus.png</texturenofocus>
               <colordiffuse>button_focus</colordiffuse>
        </control>
        <control type="button" id="1302">
              <description>down_arrow</description>
              <posx>190</posx>
              <posy>875</posy>
              <width>80</width>
              <height>50</height>
              <onleft>1303</onleft>
              <onright>Menu</onright>
			  <onclick>PageDown</onclick>
              <textcolor name="white">FFFFFFFF</textcolor>
              <focusedcolor name="white">FFFFFFFF</focusedcolor>
              <texturefocus>arrow_down_focus.png</texturefocus>
              <texturenofocus>arrow_down_nofocus.png</texturenofocus>
              <colordiffuse>button_focus</colordiffuse>
      </control>
      <control type="button" id="1304">
              <!-- see comments in epg.py onAction() -->
              <description>pass_button</description>
              <posx>160</posx>
              <posy>85</posy>
              <width>1</width>
              <height>1</height>
              <colordiffuse>00000000</colordiffuse>
      </control>
<!-- ############ End EPG ############ -->
<!-- ############ Begin Program Details ############ -->
		<control type="group" id="1000">
			<left>310</left>
			<top>850</top>
			<visible>true</visible>
			<control type="label" id="1020">
				<description>TITLE control</description>
				<width>1500</width>
				<font>font13_title</font>
				<label>-</label>
				<scroll>true</scroll>
				<scrollspeed>30</scrollspeed>
			</control>
			<control type="label" id="1021">
				<description>TIME control</description>
				<top>35</top>
				<width>1500</width>
				<align>left</align>
				<font>font12</font>
				<label>-</label>
				<scroll>true</scroll>
				<scrollspeed>30</scrollspeed>
			</control>
			<control type="label" id="1030">
				<description>DESCRIPTION control</description>
				<top>70</top>
				<width>1500</width>
				<height>100</height>
				<wrapmultiline>true</wrapmultiline>
				<align>left</align>
				<font>font12</font>
				<label>-</label>
				<scroll>true</scroll>
				<scrollspeed>30</scrollspeed>
			</control>
		</control>
<!-- ############ End Program Details ############ -->
<!-- ############ Begin Busy Indicator ############ -->
		<!--control type="group">
			<animation type="WindowOpen" reversible="false">
				<effect type="zoom" start="80" end="100" center="960,540" tween="back" time="240" />
				<effect type="fade" end="100" time="240" />
			</animation>
			<animation type="WindowClose" reversible="false">
				<effect type="zoom" start="100" end="80" center="960,540" easing="in" tween="back" time="240" />
				<effect type="fade" start="100" end="0" time="240" />
			</animation>
			<visible>string.contains(Window.Property(busy),true)</visible>
			<control type="group">
				<visible>String.IsEmpty(Window(Home).Property(script.cinemavision.running))</visible>
				<animation type="Visible" reversible="false">
					<effect type="zoom" start="80" end="100" center="960,540" tween="back" time="240" />
					<effect type="fade" end="100" time="240" />
				</animation>
				<animation type="Hidden" reversible="false">
					<effect type="zoom" start="100" end="80" center="960,540" easing="in" tween="back" time="240" />
					<effect type="fade" start="100" end="0" time="240" />
				</animation>
				<visible>!Window.IsActive(startup)</visible>
				<control type="image">
					<texture>colors/black.png</texture>
					<include>FullScreenDimensions</include>
					<animation effect="fade" start="100" end="70" time="0" condition="true">Conditional</animation>
					<animation effect="fade" start="100" end="0" time="240" condition="Window.IsVisible(fullscreenvideo)">Conditional</animation>
					<animation effect="fade" end="100" time="560">WindowOpen</animation>
					<animation effect="fade" start="100" end="0" time="240">WindowClose</animation>
				</control>
				<control type="image">
					<depth>DepthMax</depth>
					<left>920</left>
					<top>513</top>
					<width>80</width>
					<height>80</height>
					<aspectratio>keep</aspectratio>
					<animation effect="rotate" end="-45" center="auto" time="200" delay="600" loop="true" reversible="false" condition="true">Conditional</animation>
					<texture colordiffuse="button_focus">spinner.png</texture>
					<animation effect="fade" end="100" time="300" delay="200">WindowOpen</animation>
				</control>
				<control type="image">
					<depth>DepthMax</depth>
					<left>935</left>
					<top>528</top>
					<width>50</width>
					<height>50</height>
					<aspectratio>keep</aspectratio>
					<animation effect="rotate" end="45" center="auto" time="200" delay="600" loop="true" reversible="false" condition="true">Conditional</animation>
					<texture flipx="true" colordiffuse="button_focus">spinner.png</texture>
					<animation effect="fade" end="100" time="300" delay="200">WindowOpen</animation>
				</control>
				<control type="label">
					<description>Busy label</description>
					<left>1010</left>
					<top>513</top>
					<width>200</width>
					<height>65</height>
					<align>left</align>
					<aligny>center</aligny>
					<font>font12</font>
					<label>$LOCALIZE[31004]</label>
				</control>
			</control>
		</control-->
<!-- ############ End Busy Indicator ############ -->
	</controls>
</window>